FLPID,OLD ID,LA-LB distance (A),CH3OH,E_CH3OH,H_CH3OH,G_CH3OH,E_CH3OH_sol,H_CH3OH_sol,G_CH3OH_sol,molecule,CO2,E_CO2,H_CO2,G_CO2,E_CO2_sol,H_CO2_sol,G_CO2_sol,H2,E_H2,H_H2,G_H2,E_H2_sol,H_H2_sol,G_H2_sol,H2CO,E_H2CO,H_H2CO,G_H2CO,E_H2CO_sol,H_H2CO_sol,G_H2CO_sol,H2O,E_H2O,H_H2O,G_H2O,E_H2O_sol,H_H2O_sol,G_H2O_sol,HCOOH,E_HCOOH,H_HCOOH,G_HCOOH,E_HCOOH_sol,H_HCOOH_sol,G_HCOOH_sol
0BP06011,1,6.247,CH3OH,-19.1,-17.2,-3.8,-19.0,-17.1,-3.7,CH3OH,,,,,,,,,,,,,,,,,,,,,,,,,,,,,,,,,,,
0BP07011,2,2.217,CH3OH,-16.6,-15.6,-4.7,-15.8,-14.7,-3.8,CH3OH,,,,,,,,,,,,,,,,,,,,,,,,,,,,,,,,,,,
0BN08011,3,3.518,CH3OH,-39.6,-37.6,-23.0,-40.9,-38.9,-24.3,CH3OH,,,,,,,,,,,,,,,,,,,,,,,,,,,,,,,,,,,
0BP08011,4,1.807,CH3OH,-7.7,-5.8,9.3,-7.7,-5.8,9.3,CH3OH,,,,,,,,,,,,,,,,,,,,,,,,,,,,,,,,,,,
0BP08012,5,1.79,CH3OH,-12.5,-11.0,5.2,-11.3,-9.8,6.4,CH3OH,,,,,,,,,,,,,,,,,,,,,,,,,,,,,,,,,,,
0BN03011,7,2.991,CH3OH,-24.0,-23.0,-8.9,-18.4,-17.6,-4.8,CH3OH,,,,,,,,,,,,,,,,,,,,,,,,,,,,,,,,,,,
0BN12011,8,1.758,CH3OH,-28.9,-27.6,-15.4,-23.2,-22.2,-8.1,CH3OH,,,,,,,,,,,,,,,,,,,,,,,,,,,,,,,,,,,
0BN17011,9,3.008,CH3OH,-11.1,-9.4,4.2,-29.1,-27.7,-15.6,CH3OH,,,,,,,,,,,,,,,,,,,,,,,,,,,,,,,,,,,
0BN17012,10,2.978,CH3OH,-32.2,-29.8,-16.3,-10.6,-8.9,4.7,CH3OH,,,,,,,,,,,,,,,,,,,,,,,,,,,,,,,,,,,
0BN17013,11,3.011,CH3OH,-41.3,-38.6,-25.8,-34.0,-31.6,-18.1,CH3OH,,,,,,,,,,,,,,,,,,,,,,,,,,,,,,,,,,,
0BN17014,12,2.912,CH3OH,-35.2,-32.4,-18.6,-45.0,-42.3,-29.5,CH3OH,,,,,,,,,,,,,,,,,,,,,,,,,,,,,,,,,,,
0BN17015,13,2.96,CH3OH,-38.6,-36.3,-22.8,-37.8,-35.1,-21.2,CH3OH,,,,,,,,,,,,,,,,,,,,,,,,,,,,,,,,,,,
0BN17016,14,1.725,CH3OH,-23.4,-21.9,-10.7,-41.0,-38.8,-25.2,CH3OH,,,,,,,,,,,,,,,,,,,,,,,,,,,,,,,,,,,
0BN17017,15,1.753,CH3OH,-30.7,-28.6,-16.9,-23.8,-22.4,-11.2,CH3OH,,,,,,,,,,,,,,,,,,,,,,,,,,,,,,,,,,,
0BP13011,16,3.462,CH3OH,-29.3,-28.1,-12.5,-31.9,-29.8,-18.1,CH3OH,,,,,,,,,,,,,,,,,,,,,,,,,,,,,,,,,,,
0BP12011,17,2.152,CH3OH,-13.5,-13.1,0.0,-28.1,-26.9,-11.2,CH3OH,,,,,,,,,,,,,,,,,,,,,,,,,,,,,,,,,,,
0BP16011,18,2.173,CH3OH,-22.2,-21.6,-9.3,-12.2,-11.8,1.3,CH3OH,,,,,,,,,,,,,,,,,,,,,,,,,,,,,,,,,,,
0BN10011,19,2.355,CH3OH,-38.6,-37.1,-21.0,-21.6,-21.1,-8.8,CH3OH,,,,,,,,,,,,,,,,,,,,,,,,,,,,,,,,,,,
0BP15031,20,3.463,CH3OH,-19.2,-18.0,-2.6,-37.6,-36.1,-20.0,CH3OH,,,,,,,,,,,,,,,,,,,,,,,,,,,,,,,,,,,
0BP15032,21,2.229,CH3OH,-19.2,-18.1,-6.2,-18.5,-17.3,-1.9,CH3OH,,,,,,,,,,,,,,,,,,,,,,,,,,,,,,,,,,,
0BP16031,22,2.049,CH3OH,-1.4,-0.4,11.0,-21.0,-19.9,-7.9,CH3OH,,,,,,,,,,,,,,,,,,,,,,,,,,,,,,,,,,,
0BP16032,23,2.008,CH3OH,-0.8,-0.1,11.3,-0.5,0.6,12.0,CH3OH,,,,,,,,,,,,,,,,,,,,,,,,,,,,,,,,,,,
0BN16011,24,1.713,CH3OH,-15.7,-15.7,-4.7,0.7,1.3,12.7,CH3OH,,,,,,,,,,,,,,,,,,,,,,,,,,,,,,,,,,,
0BN16012,25,1.728,CH3OH,-14.9,-14.8,-5.2,-16.3,-16.2,-5.3,CH3OH,,,,,,,,,,,,,,,,,,,,,,,,,,,,,,,,,,,
0BP09011,26,2.082,CH3OH,-3.9,-3.6,5.3,-13.7,-13.6,-4.0,CH3OH,,,,,,,,,,,,,,,,,,,,,,,,,,,,,,,,,,,
0BP09012,27,2.171,CH3OH,-22.0,-21.5,-10.7,-3.5,-3.3,5.6,CH3OH,,,,,,,,,,,,,,,,,,,,,,,,,,,,,,,,,,,
0BP09013,28,2.104,CH3OH,-23.0,-22.3,-11.5,-20.8,-20.3,-9.5,CH3OH,,,,,,,,,,,,,,,,,,,,,,,,,,,,,,,,,,,
0BP09014,29,2.149,CH3OH,-12.1,-11.4,-0.7,-21.0,-20.3,-9.5,CH3OH,,,,,,,,,,,,,,,,,,,,,,,,,,,,,,,,,,,
0BP16021,30,2.121,CH3OH,-9.2,-8.8,2.2,-11.1,-10.4,0.3,CH3OH,,,,,,,,,,,,,,,,,,,,,,,,,,,,,,,,,,,
0BP16022,31,2.142,CH3OH,-8.9,-7.9,0.8,-7.9,-7.6,3.4,CH3OH,,,,,,,,,,,,,,,,,,,,,,,,,,,,,,,,,,,
0BP16023,32,2.095,CH3OH,-12.0,-12.2,-4.1,-9.1,-8.0,0.7,CH3OH,,,,,,,,,,,,,,,,,,,,,,,,,,,,,,,,,,,
0BN11031,33,3.258,CH3OH,-34.0,-32.3,-18.6,-11.2,-11.3,-3.2,CH3OH,,,,,,,,,,,,,,,,,,,,,,,,,,,,,,,,,,,
0BN14011,34,3.508,CH3OH,-37.1,-35.0,-19.7,-34.6,-32.9,-19.3,CH3OH,,,,,,,,,,,,,,,,,,,,,,,,,,,,,,,,,,,
0BN14012,35,3.247,CH3OH,-37.4,-35.6,-22.1,-38.1,-36.0,-20.7,CH3OH,,,,,,,,,,,,,,,,,,,,,,,,,,,,,,,,,,,
0BN14013,36,3.25,CH3OH,-39.3,-37.4,-24.4,-39.0,-37.2,-23.7,CH3OH,,,,,,,,,,,,,,,,,,,,,,,,,,,,,,,,,,,
0BN14014,37,3.119,CH3OH,-35.1,-33.8,-17.9,-41.2,-39.3,-26.4,CH3OH,,,,,,,,,,,,,,,,,,,,,,,,,,,,,,,,,,,
0BN14015,38,3.778,CH3OH,-36.3,-34.1,-19.0,-35.9,-34.6,-18.7,CH3OH,,,,,,,,,,,,,,,,,,,,,,,,,,,,,,,,,,,
0BN14016,39,3.462,CH3OH,-32.4,-31.4,-18.0,-37.4,-35.1,-20.0,CH3OH,,,,,,,,,,,,,,,,,,,,,,,,,,,,,,,,,,,
0BN15021,40,3.344,CH3OH,-28.5,-26.7,-12.5,-31.3,-30.3,-17.0,CH3OH,,,,,,,,,,,,,,,,,,,,,,,,,,,,,,,,,,,
0PN12011,41,1.869,CH3OH,-28.1,-25.5,-11.6,-30.1,-28.3,-14.1,CH3OH,,,,,,,,,,,,,,,,,,,,,,,,,,,,,,,,,,,
0AN13011,42,3.435,CH3OH,-20.9,-19.1,-5.1,-26.2,-23.6,-9.7,CH3OH,,,,,,,,,,,,,,,,,,,,,,,,,,,,,,,,,,,
0BN18021,43,2.864,CH3OH,-29.4,-27.8,-15.1,-20.6,-18.7,-4.7,CH3OH,,,,,,,,,,,,,,,,,,,,,,,,,,,,,,,,,,,
0BP14011,44,3.253,CH3OH,-9.0,-7.8,5.5,-30.6,-29.0,-16.3,CH3OH,,,,,,,,,,,,,,,,,,,,,,,,,,,,,,,,,,,
0BP13021,45,2.028,CH3OH,-8.8,-8.1,4.6,-8.3,-7.2,6.2,CH3OH,,,,,,,,,,,,,,,,,,,,,,,,,,,,,,,,,,,
0BP13022,46,2.019,CH3OH,-9.6,-8.5,5.1,-7.2,-6.5,6.2,CH3OH,,,,,,,,,,,,,,,,,,,,,,,,,,,,,,,,,,,
0BP17011,47,3.846,CH3OH,-12.4,-11.3,1.0,-7.8,-6.7,6.9,CH3OH,,,,,,,,,,,,,,,,,,,,,,,,,,,,,,,,,,,
0BP20031,48,3.08,CH3OH,-6.2,-5.1,4.4,-12.4,-11.3,1.1,CH3OH,,,,,,,,,,,,,,,,,,,,,,,,,,,,,,,,,,,
0BP20041,49,2.671,CH3OH,-16.8,-14.2,0.3,-4.9,-3.8,5.7,CH3OH,,,,,,,,,,,,,,,,,,,,,,,,,,,,,,,,,,,
0BP16051,50,2.082,CH3OH,-14.3,-16.3,5.7,-15.2,-12.7,1.9,CH3OH,,,,,,,,,,,,,,,,,,,,,,,,,,,,,,,,,,,
0BP19011,51,3.394,CH3OH,-22.3,-19.9,-4.5,-12.6,-14.6,7.4,CH3OH,,,,,,,,,,,,,,,,,,,,,,,,,,,,,,,,,,,
0BN18011,52,1.729,CH3OH,-18.7,-17.3,-6.1,-20.8,-18.4,-3.0,CH3OH,,,,,,,,,,,,,,,,,,,,,,,,,,,,,,,,,,,
0BN16021,53,3.539,CH3OH,-7.9,-6.7,3.8,-20.6,-19.2,-8.0,CH3OH,,,,,,,,,,,,,,,,,,,,,,,,,,,,,,,,,,,
0BP17021,54,3.187,CH3OH,-16.3,-14.2,-5.6,-5.2,-4.0,6.5,CH3OH,,,,,,,,,,,,,,,,,,,,,,,,,,,,,,,,,,,
0BN15011,55,3.32,CH3OH,-21.2,-19.8,-4.2,-17.3,-15.3,-6.7,CH3OH,,,,,,,,,,,,,,,,,,,,,,,,,,,,,,,,,,,
0BN10021,56,2.55,CH3OH,-33.9,-31.6,-17.6,-20.5,-19.0,-3.4,CH3OH,,,,,,,,,,,,,,,,,,,,,,,,,,,,,,,,,,,
0BN19011,57,4.703,CH3OH,-67.8,-64.2,-48.9,-34.1,-31.8,-17.8,CH3OH,,,,,,,,,,,,,,,,,,,,,,,,,,,,,,,,,,,
0BP09021,58,1.756,CH3OH,-23.2,-21.5,-6.9,-74.8,-71.2,-55.8,CH3OH,,,,,,,,,,,,,,,,,,,,,,,,,,,,,,,,,,,
0BN09011,59,2.493,CH3OH,-19.4,-18.2,-3.2,-22.3,-20.6,-6.0,CH3OH,,,,,,,,,,,,,,,,,,,,,,,,,,,,,,,,,,,
0BN11021,60,3.056,CH3OH,-32.5,-30.5,-16.7,-17.2,-16.0,-1.1,CH3OH,,,,,,,,,,,,,,,,,,,,,,,,,,,,,,,,,,,
0BN11022,61,3.075,CH3OH,-34.6,-32.7,-18.1,-31.6,-29.6,-15.8,CH3OH,,,,,,,,,,,,,,,,,,,,,,,,,,,,,,,,,,,
0BP19021,62,2.563,CH3OH,-15.3,-12.3,-1.9,-33.0,-31.1,-16.4,CH3OH,,,,,,,,,,,,,,,,,,,,,,,,,,,,,,,,,,,
0BP18011,63,2.868,CH3OH,-16.7,-15.0,-1.9,-15.2,-12.2,-1.8,CH3OH,,,,,,,,,,,,,,,,,,,,,,,,,,,,,,,,,,,
0BP20051,64,2.08622,CH3OH,-15.3,-13.9,-2.9,-16.4,-14.6,-1.6,CH3OH,,,,,,,,,,,,,,,,,,,,,,,,,,,,,,,,,,,
0BP20061,65,3.14856,CH3OH,-20.1,-18.4,-4.1,-14.0,-12.7,-1.6,CH3OH,,,,,,,,,,,,,,,,,,,,,,,,,,,,,,,,,,,
0BP20011,66,1.993,CH3OH,-2.8,-1.5,8.4,-19.0,-17.3,-3.1,CH3OH,,,,,,,,,,,,,,,,,,,,,,,,,,,,,,,,,,,
0AP20011,67,2.61169,CH3OH,-21.6,-20.1,-7.1,-1.8,-0.5,9.4,CH3OH,,,,,,,,,,,,,,,,,,,,,,,,,,,,,,,,,,,
0?P15011,68,3.24,CH3OH,-5.6,-3.9,8.9,-20.4,-19.0,-6.0,CH3OH,,,,,,,,,,,,,,,,,,,,,,,,,,,,,,,,,,,
0?P19011,69,3.359,CH3OH,-9.5,-8.1,1.2,-5.0,-3.3,9.5,CH3OH,,,,,,,,,,,,,,,,,,,,,,,,,,,,,,,,,,,
0?P19012,70,3.435,CH3OH,4.9,6.5,18.4,-8.4,-7.0,2.2,CH3OH,,,,,,,,,,,,,,,,,,,,,,,,,,,,,,,,,,,
0BP19031,71,2.955,CH3OH,-11.7,-10.3,2.1,4.8,6.4,18.3,CH3OH,,,,,,,,,,,,,,,,,,,,,,,,,,,,,,,,,,,
0BP16061,72,2.938,CH3OH,-18.2,-17.0,-4.3,-11.0,-9.5,2.9,CH3OH,,,,,,,,,,,,,,,,,,,,,,,,,,,,,,,,,,,
0BN11011,73,1.716,CH3OH,-23.0,-21.7,-10.7,-17.3,-16.0,-3.3,CH3OH,,,,,,,,,,,,,,,,,,,,,,,,,,,,,,,,,,,
0BN11012,74,1.704,CH3OH,-21.0,-19.7,-7.7,-23.7,-22.3,-11.4,CH3OH,,,,,,,,,,,,,,,,,,,,,,,,,,,,,,,,,,,
0BN11013,75,1.717,CH3OH,-19.4,-17.5,-4.5,-21.4,-20.0,-8.0,CH3OH,,,,,,,,,,,,,,,,,,,,,,,,,,,,,,,,,,,
0BN11014,76,1.781,CH3OH,-34.4,-32.8,-20.2,-19.3,-17.4,-4.4,CH3OH,,,,,,,,,,,,,,,,,,,,,,,,,,,,,,,,,,,
0BN11015,77,1.727,CH3OH,-28.1,-26.6,-14.1,-34.9,-33.4,-20.8,CH3OH,,,,,,,,,,,,,,,,,,,,,,,,,,,,,,,,,,,
0BP15011,78,5.195,CH3OH,-21.6,-19.9,-4.0,-28.5,-27.0,-14.5,CH3OH,,,,,,,,,,,,,,,,,,,,,,,,,,,,,,,,,,,
0BP15021,79,5.433,CH3OH,-20.9,-18.9,-3.9,-21.7,-20.0,-4.0,CH3OH,,,,,,,,,,,,,,,,,,,,,,,,,,,,,,,,,,,
0BP15022,80,4.0843,CH3OH,-23.7,-22.1,-9.8,-20.0,-18.0,-3.0,CH3OH,,,,,,,,,,,,,,,,,,,,,,,,,,,,,,,,,,,
0BP15023,81,4.386,CH3OH,-22.3,-20.8,-7.2,-22.9,-21.4,-9.1,CH3OH,,,,,,,,,,,,,,,,,,,,,,,,,,,,,,,,,,,
0BP19041,83,4.434,CH3OH,-21.8,-20.2,-6.8,-22.2,-20.8,-7.2,CH3OH,,,,,,,,,,,,,,,,,,,,,,,,,,,,,,,,,,,
0BP19051,84,2.238,CH3OH,-19.5,-18.6,-4.4,-17.9,-16.2,-2.8,CH3OH,,,,,,,,,,,,,,,,,,,,,,,,,,,,,,,,,,,
0BP19052,85,2.174,CH3OH,-17.0,-16.2,-2.9,-18.2,-17.2,-3.1,CH3OH,,,,,,,,,,,,,,,,,,,,,,,,,,,,,,,,,,,
0BP16041,86,2.235,CH3OH,-24.7,-24.7,-11.8,-15.6,-14.9,-1.6,CH3OH,,,,,,,,,,,,,,,,,,,,,,,,,,,,,,,,,,,
0BP16042,87,2.237,CH3OH,-20.5,-20.0,-6.4,-24.6,-24.6,-11.6,CH3OH,,,,,,,,,,,,,,,,,,,,,,,,,,,,,,,,,,,
0AP19011,88,3.275,CH3OH,-19.8,-17.8,-4.8,-18.9,-18.4,-4.8,CH3OH,,,,,,,,,,,,,,,,,,,,,,,,,,,,,,,,,,,
0AP19012,89,3.133,CH3OH,-23.9,-22.0,-9.1,-18.9,-16.9,-4.0,CH3OH,,,,,,,,,,,,,,,,,,,,,,,,,,,,,,,,,,,
0AP16011,90,3.263,CH3OH,-19.3,-17.4,-2.5,-22.8,-20.9,-8.0,CH3OH,,,,,,,,,,,,,,,,,,,,,,,,,,,,,,,,,,,
0AP18011,91,3.215,CH3OH,-9.9,-6.9,9.3,-18.7,-16.8,-1.9,CH3OH,,,,,,,,,,,,,,,,,,,,,,,,,,,,,,,,,,,
0BS18011,94,2.879,CH3OH,-13.7,-12.6,2.2,-9.4,-6.5,9.8,CH3OH,,,,,,,,,,,,,,,,,,,,,,,,,,,,,,,,,,,
0BP17031,95,2.999,CH3OH,-16.4,-14.8,-1.6,-13.8,-12.6,2.2,CH3OH,,,,,,,,,,,,,,,,,,,,,,,,,,,,,,,,,,,
0BP13061,96,2.808,CH3OH,-20.7,-18.9,-3.5,-15.9,-14.3,-1.1,CH3OH,,,,,,,,,,,,,,,,,,,,,,,,,,,,,,,,,,,
0BN19021,97,2.928,CH3OH,-34.1,-32.1,-17.7,-20.1,-18.3,-2.9,CH3OH,,,,,,,,,,,,,,,,,,,,,,,,,,,,,,,,,,,
0BN19022,98,1.633,CH3OH,-27.7,-25.6,-11.8,-33.3,-31.4,-16.9,CH3OH,,,,,,,,,,,,,,,,,,,,,,,,,,,,,,,,,,,
0?N16011,99,2.195,CH3OH,-11.9,-9.5,2.7,-26.8,-24.7,-10.9,CH3OH,,,,,,,,,,,,,,,,,,,,,,,,,,,,,,,,,,,
0BP11011,103,1.91,CH3OH,-23.2,-22.2,-9.4,-13.6,-11.1,1.0,CH3OH,,,,,,,,,,,,,,,,,,,,,,,,,,,,,,,,,,,
0BP11012,104,1.91,CH3OH,-29.0,-28.3,-16.2,-21.2,-20.3,-7.4,CH3OH,,,,,,,,,,,,,,,,,,,,,,,,,,,,,,,,,,,
0BP13031,105,2.198,CH3OH,10.8,11.5,22.7,-27.4,-26.8,-14.7,CH3OH,,,,,,,,,,,,,,,,,,,,,,,,,,,,,,,,,,,
0BP13032,106,2.069,CH3OH,10.4,11.6,24.2,12.0,12.7,23.9,CH3OH,,,,,,,,,,,,,,,,,,,,,,,,,,,,,,,,,,,
0BP13033,107,2.014,CH3OH,13.7,14.7,25.9,11.9,13.1,25.8,CH3OH,,,,,,,,,,,,,,,,,,,,,,,,,,,,,,,,,,,
0BP13041,108,2.176,CH3OH,15.5,17.1,28.4,14.8,15.9,27.1,CH3OH,,,,,,,,,,,,,,,,,,,,,,,,,,,,,,,,,,,
0BP13051,109,2.958,CH3OH,4.8,6.7,21.1,16.0,17.6,28.9,CH3OH,,,,,,,,,,,,,,,,,,,,,,,,,,,,,,,,,,,
0BP18021,111,3.882,CH3OH,-8.8,-6.9,9.8,6.1,8.0,22.4,CH3OH,,,,,,,,,,,,,,,,,,,,,,,,,,,,,,,,,,,
0BP18031,112,3.542,CH3OH,-23.6,-22.3,-7.9,-7.3,-5.4,11.3,CH3OH,,,,,,,,,,,,,,,,,,,,,,,,,,,,,,,,,,,
0BP17041,113,3.183,CH3OH,-4.3,-2.5,13.3,-23.3,-22.0,-7.6,CH3OH,,,,,,,,,,,,,,,,,,,,,,,,,,,,,,,,,,,
0BN13031,114,2.807,CH3OH,-40.2,-37.7,-23.2,-2.8,-1.0,14.8,CH3OH,,,,,,,,,,,,,,,,,,,,,,,,,,,,,,,,,,,
0BN17021,115,1.719,CH3OH,-20.1,-19.3,-7.4,-42.2,-39.8,-25.2,CH3OH,,,,,,,,,,,,,,,,,,,,,,,,,,,,,,,,,,,
0BN17031,120,4.637,CH3OH,-18.9,-16.5,-2.7,-18.9,-18.2,-6.3,CH3OH,,,,,,,,,,,,,,,,,,,,,,,,,,,,,,,,,,,
0BP15041,122,3.262,CH3OH,-7.8,-6.3,2.8,-18.3,-15.9,-2.0,CH3OH,,,,,,,,,,,,,,,,,,,,,,,,,,,,,,,,,,,
0BP15042,123,3.257,CH3OH,-8.3,-7.0,1.9,-6.0,-4.5,4.5,CH3OH,,,,,,,,,,,,,,,,,,,,,,,,,,,,,,,,,,,
0BP15043,124,3.255,CH3OH,-10.2,-8.8,1.3,-6.7,-5.4,3.5,CH3OH,,,,,,,,,,,,,,,,,,,,,,,,,,,,,,,,,,,
0BP15044,125,3.052,CH3OH,-10.0,-8.9,6.4,-8.2,-6.7,3.4,CH3OH,,,,,,,,,,,,,,,,,,,,,,,,,,,,,,,,,,,
0BP15045,126,3.267,CH3OH,-11.5,-10.6,2.8,-8.2,-7.1,8.2,CH3OH,,,,,,,,,,,,,,,,,,,,,,,,,,,,,,,,,,,
0BP15046,127,3.238,CH3OH,-7.9,-6.5,4.6,-10.9,-10.0,3.4,CH3OH,,,,,,,,,,,,,,,,,,,,,,,,,,,,,,,,,,,
0BN13011,129,3.056,CH3OH,-7.6,-6.8,8.6,-6.1,-4.7,6.4,CH3OH,,,,,,,,,,,,,,,,,,,,,,,,,,,,,,,,,,,
0BN13012,130,3.035,CH3OH,-14.4,-14.0,1.0,-7.0,-6.1,9.3,CH3OH,,,,,,,,,,,,,,,,,,,,,,,,,,,,,,,,,,,
0BP16071,131,2.081,CH3OH,-7.9,-7.5,1.9,-13.7,-13.3,1.7,CH3OH,,,,,,,,,,,,,,,,,,,,,,,,,,,,,,,,,,,
0BP16072,132,2.061,CH3OH,-9.2,-9.3,0.7,-7.7,-7.3,2.1,CH3OH,,,,,,,,,,,,,,,,,,,,,,,,,,,,,,,,,,,
0BP16073,133,1.989,CH3OH,2.0,3.2,12.8,-8.2,-8.3,1.7,CH3OH,,,,,,,,,,,,,,,,,,,,,,,,,,,,,,,,,,,
0BN15031,134,1.62,CH3OH,-20.9,-19.7,-8.1,2.9,4.1,13.7,CH3OH,,,,,,,,,,,,,,,,,,,,,,,,,,,,,,,,,,,
0BN15032,135,1.642,CH3OH,-20.7,-19.6,-6.7,-21.3,-20.2,-8.5,CH3OH,,,,,,,,,,,,,,,,,,,,,,,,,,,,,,,,,,,
0BN15033,136,1.602,CH3OH,-23.0,-21.5,-9.1,-21.1,-20.0,-7.1,CH3OH,,,,,,,,,,,,,,,,,,,,,,,,,,,,,,,,,,,
0BN15034,137,1.601,CH3OH,-23.2,-21.6,-9.5,-23.6,-22.0,-9.7,CH3OH,,,,,,,,,,,,,,,,,,,,,,,,,,,,,,,,,,,
0BN15035,138,1.654,CH3OH,-14.8,-15.2,-4.3,-23.7,-22.1,-10.0,CH3OH,,,,,,,,,,,,,,,,,,,,,,,,,,,,,,,,,,,
0BN15036,139,7.58,CH3OH,-17.1,-15.0,-1.3,-14.9,-15.3,-4.5,CH3OH,,,,,,,,,,,,,,,,,,,,,,,,,,,,,,,,,,,
0BP12021,140,7.449,CH3OH,-7.5,-6.0,3.4,-17.9,-15.9,-2.1,CH3OH,,,,,,,,,,,,,,,,,,,,,,,,,,,,,,,,,,,
0BN13021,141,3.606,CH3OH,-13.1,-10.8,4.9,-6.5,-5.1,4.4,CH3OH,,,,,,,,,,,,,,,,,,,,,,,,,,,,,,,,,,,
0BP14021,148,3.445,CH3OH,-19.6,-18.4,-5.4,-12.5,-10.2,5.4,CH3OH,,,,,,,,,,,,,,,,,,,,,,,,,,,,,,,,,,,
0BP14022,149,2.09,CH3OH,-11.5,-11.7,-1.1,-19.2,-18.0,-4.9,CH3OH,,,,,,,,,,,,,,,,,,,,,,,,,,,,,,,,,,,
0BP14023,150,2.033,CH3OH,-9.6,-8.7,4.2,-11.0,-11.2,-0.6,CH3OH,,,,,,,,,,,,,,,,,,,,,,,,,,,,,,,,,,,
0BP14024,151,2.035,CH3OH,-11.3,-11.1,2.7,-7.9,-7.1,5.9,CH3OH,,,,,,,,,,,,,,,,,,,,,,,,,,,,,,,,,,,
0BP13071,152,2.792,CH3OH,-15.0,-13.3,0.1,-11.0,-10.8,3.0,CH3OH,,,,,,,,,,,,,,,,,,,,,,,,,,,,,,,,,,,
0BP13072,153,3.646,CH3OH,-17.5,-15.5,-2.8,-14.5,-12.8,0.6,CH3OH,,,,,,,,,,,,,,,,,,,,,,,,,,,,,,,,,,,
0BP07021,154,4.352,CH3OH,-8.2,-6.8,3.5,-16.8,-14.8,-2.0,CH3OH,,,,,,,,,,,,,,,,,,,,,,,,,,,,,,,,,,,
0BP07022,155,4.426,CH3OH,-7.8,-6.3,3.4,-5.5,-4.0,6.2,CH3OH,,,,,,,,,,,,,,,,,,,,,,,,,,,,,,,,,,,
0BP07023,156,4.394,CH3OH,-6.4,-5.2,4.6,-4.7,-3.2,6.5,CH3OH,,,,,,,,,,,,,,,,,,,,,,,,,,,,,,,,,,,
0AP12011,157,3.342,CH3OH,-24.3,-22.7,-10.4,-7.1,-5.9,3.9,CH3OH,,,,,,,,,,,,,,,,,,,,,,,,,,,,,,,,,,,
0BP06011,1,6.247,,,,,,,,CO2,CO2,-4.9,-4.0,4.9,-4.8,-3.9,5.1,,,,,,,,,,,,,,,,,,,,,,,,,,,,
0BP07011,2,2.217,,,,,,,,CO2,CO2,-5.6,-4.3,8.1,-9.7,-8.4,4.0,,,,,,,,,,,,,,,,,,,,,,,,,,,,
0BN08011,3,3.518,,,,,,,,CO2,CO2,-7.3,-5.1,9.0,-11.3,-9.1,4.9,,,,,,,,,,,,,,,,,,,,,,,,,,,,
0BP08011,4,1.807,,,,,,,,CO2,CO2,-12.7,-11.6,0.9,-15.5,-14.4,-1.9,,,,,,,,,,,,,,,,,,,,,,,,,,,,
0BP08012,5,1.79,,,,,,,,CO2,CO2,-14.4,-13.5,0.0,-16.9,-16.0,-2.5,,,,,,,,,,,,,,,,,,,,,,,,,,,,
0BN03011,7,2.991,,,,,,,,CO2,CO2,3.9,5.2,19.4,-14.7,-13.4,-0.8,,,,,,,,,,,,,,,,,,,,,,,,,,,,
0BN12011,8,1.758,,,,,,,,CO2,CO2,-3.5,-1.8,10.2,1.2,2.5,16.8,,,,,,,,,,,,,,,,,,,,,,,,,,,,
0BN17011,9,3.008,,,,,,,,CO2,CO2,4.0,6.4,20.4,-6.7,-5.0,7.1,,,,,,,,,,,,,,,,,,,,,,,,,,,,
0BN17012,10,2.978,,,,,,,,CO2,CO2,8.7,11.3,26.8,-0.2,2.2,16.2,,,,,,,,,,,,,,,,,,,,,,,,,,,,
0BN17013,11,3.011,,,,,,,,CO2,CO2,7.0,9.7,23.1,4.2,6.8,22.3,,,,,,,,,,,,,,,,,,,,,,,,,,,,
0BN17014,12,2.912,,,,,,,,CO2,CO2,9.4,12.4,27.4,0.1,2.8,16.2,,,,,,,,,,,,,,,,,,,,,,,,,,,,
0BN17015,13,2.96,,,,,,,,CO2,CO2,7.2,9.6,23.6,4.1,7.0,22.1,,,,,,,,,,,,,,,,,,,,,,,,,,,,
0BN17016,14,1.725,,,,,,,,CO2,CO2,-2.2,-0.3,11.3,2.1,4.5,18.4,,,,,,,,,,,,,,,,,,,,,,,,,,,,
0BN17017,15,1.753,,,,,,,,CO2,CO2,-3.2,-1.4,10.7,-6.0,-4.1,7.5,,,,,,,,,,,,,,,,,,,,,,,,,,,,
0BP13011,16,3.462,,,,,,,,CO2,CO2,-18.6,-17.1,-1.6,-7.1,-5.3,6.8,,,,,,,,,,,,,,,,,,,,,,,,,,,,
0BP12011,17,2.152,,,,,,,,CO2,CO2,-9.7,-8.2,3.9,-21.9,-20.4,-4.8,,,,,,,,,,,,,,,,,,,,,,,,,,,,
0BP16011,18,2.173,,,,,,,,CO2,CO2,-14.4,-13.2,-0.7,-12.5,-11.0,1.1,,,,,,,,,,,,,,,,,,,,,,,,,,,,
0BN10011,19,2.355,,,,,,,,CO2,CO2,-28.9,-26.9,-11.6,-17.3,-16.1,-3.6,,,,,,,,,,,,,,,,,,,,,,,,,,,,
0BP15031,20,3.463,,,,,,,,CO2,CO2,-10.3,-9.3,5.9,-30.2,-28.2,-12.9,,,,,,,,,,,,,,,,,,,,,,,,,,,,
0BP15032,21,2.229,,,,,,,,CO2,CO2,-5.5,-4.2,8.9,-14.9,-13.9,1.3,,,,,,,,,,,,,,,,,,,,,,,,,,,,
0BP16031,22,2.049,,,,,,,,CO2,CO2,16.6,17.5,27.7,-11.5,-10.3,2.9,,,,,,,,,,,,,,,,,,,,,,,,,,,,
0BP16032,23,2.008,,,,,,,,CO2,CO2,13.0,13.5,22.2,11.4,12.3,22.6,,,,,,,,,,,,,,,,,,,,,,,,,,,,
0BN16011,24,1.713,,,,,,,,CO2,CO2,13.8,14.4,24.4,8.1,8.6,17.3,,,,,,,,,,,,,,,,,,,,,,,,,,,,
0BN16012,25,1.728,,,,,,,,CO2,CO2,18.1,18.3,26.9,14.2,14.7,24.7,,,,,,,,,,,,,,,,,,,,,,,,,,,,
0BP09011,26,2.082,,,,,,,,CO2,CO2,6.9,7.7,16.8,14.3,14.5,23.1,,,,,,,,,,,,,,,,,,,,,,,,,,,,
0BP09012,27,2.171,,,,,,,,CO2,CO2,-3.5,-2.2,10.0,3.0,3.8,12.9,,,,,,,,,,,,,,,,,,,,,,,,,,,,
0BP09013,28,2.104,,,,,,,,CO2,CO2,-4.6,-3.7,7.7,-6.7,-5.4,6.8,,,,,,,,,,,,,,,,,,,,,,,,,,,,
0BP09014,29,2.149,,,,,,,,CO2,CO2,-4.1,-3.0,9.2,-7.5,-6.5,4.9,,,,,,,,,,,,,,,,,,,,,,,,,,,,
0BP16021,30,2.121,,,,,,,,CO2,CO2,7.9,8.6,19.1,-7.6,-6.5,5.7,,,,,,,,,,,,,,,,,,,,,,,,,,,,
0BP16022,31,2.142,,,,,,,,CO2,CO2,10.4,11.0,22.1,3.7,4.4,15.0,,,,,,,,,,,,,,,,,,,,,,,,,,,,
0BP16023,32,2.095,,,,,,,,CO2,CO2,11.7,12.0,20.6,6.4,7.0,18.1,,,,,,,,,,,,,,,,,,,,,,,,,,,,
0BN11031,33,3.258,,,,,,,,CO2,CO2,-1.0,0.9,13.2,7.9,8.1,16.8,,,,,,,,,,,,,,,,,,,,,,,,,,,,
0BN14011,34,3.508,,,,,,,,CO2,CO2,-5.4,-3.7,10.1,-3.6,-1.7,10.6,,,,,,,,,,,,,,,,,,,,,,,,,,,,
0BN14012,35,3.247,,,,,,,,CO2,CO2,-4.3,-2.4,10.4,-9.2,-7.5,6.3,,,,,,,,,,,,,,,,,,,,,,,,,,,,
0BN14013,36,3.25,,,,,,,,CO2,CO2,-7.0,-4.8,8.0,-8.5,-6.5,6.3,,,,,,,,,,,,,,,,,,,,,,,,,,,,
0BN14014,37,3.119,,,,,,,,CO2,CO2,-1.9,-0.1,14.6,-11.6,-9.5,3.3,,,,,,,,,,,,,,,,,,,,,,,,,,,,
0BN14015,38,3.778,,,,,,,,CO2,CO2,-0.4,1.5,16.0,-4.9,-3.0,11.6,,,,,,,,,,,,,,,,,,,,,,,,,,,,
0BN14016,39,3.462,,,,,,,,CO2,CO2,2.2,4.0,17.4,-3.7,-1.7,12.8,,,,,,,,,,,,,,,,,,,,,,,,,,,,
0BN15021,40,3.344,,,,,,,,CO2,CO2,12.1,14.2,28.3,-0.4,1.4,14.7,,,,,,,,,,,,,,,,,,,,,,,,,,,,
0PN12011,41,1.869,,,,,,,,CO2,CO2,-27.3,-24.8,-11.2,7.7,9.8,23.9,,,,,,,,,,,,,,,,,,,,,,,,,,,,
0AN13011,42,3.435,,,,,,,,CO2,CO2,-16.5,-15.0,0.1,-29.1,-26.5,-12.9,,,,,,,,,,,,,,,,,,,,,,,,,,,,
0BN18021,43,2.864,,,,,,,,CO2,CO2,0.0,1.5,14.9,-18.8,-17.3,-2.2,,,,,,,,,,,,,,,,,,,,,,,,,,,,
0BP14011,44,3.253,,,,,,,,CO2,CO2,4.9,5.3,18.0,-3.1,-1.6,11.8,,,,,,,,,,,,,,,,,,,,,,,,,,,,
0BP13021,45,2.028,,,,,,,,CO2,CO2,0.9,1.9,15.5,0.2,0.7,13.3,,,,,,,,,,,,,,,,,,,,,,,,,,,,
0BP13022,46,2.019,,,,,,,,CO2,CO2,-3.6,-2.5,10.1,-1.9,-1.0,12.7,,,,,,,,,,,,,,,,,,,,,,,,,,,,
0BP17011,47,3.846,,,,,,,,CO2,CO2,-0.7,0.4,13.3,-6.2,-5.1,7.4,,,,,,,,,,,,,,,,,,,,,,,,,,,,
0BP20031,48,3.08,,,,,,,,CO2,CO2,-0.6,0.0,5.7,-4.4,-3.3,9.6,,,,,,,,,,,,,,,,,,,,,,,,,,,,
0BP20041,49,2.671,,,,,,,,CO2,CO2,-8.1,-5.7,8.7,-1.0,-0.4,5.3,,,,,,,,,,,,,,,,,,,,,,,,,,,,
0BP16051,50,2.082,,,,,,,,CO2,CO2,0.3,1.1,15.8,-9.7,-7.3,7.1,,,,,,,,,,,,,,,,,,,,,,,,,,,,
0BP19011,51,3.394,,,,,,,,CO2,CO2,-7.2,-4.9,12.4,-2.7,-1.9,12.9,,,,,,,,,,,,,,,,,,,,,,,,,,,,
0BN18011,52,1.729,,,,,,,,CO2,CO2,5.4,6.0,16.4,-10.1,-7.8,9.4,,,,,,,,,,,,,,,,,,,,,,,,,,,,
0BN16021,53,3.539,,,,,,,,CO2,CO2,16.8,17.9,28.3,1.4,2.1,12.5,,,,,,,,,,,,,,,,,,,,,,,,,,,,
0BP17021,54,3.187,,,,,,,,CO2,CO2,-21.7,-19.9,-8.9,15.8,16.9,27.3,,,,,,,,,,,,,,,,,,,,,,,,,,,,
0BN15011,55,3.32,,,,,,,,CO2,CO2,7.5,9.6,23.1,-27.4,-25.6,-14.6,,,,,,,,,,,,,,,,,,,,,,,,,,,,
0BN10021,56,2.55,,,,,,,,CO2,CO2,-19.3,-17.0,-3.3,3.9,5.9,19.4,,,,,,,,,,,,,,,,,,,,,,,,,,,,
0BN19011,57,4.703,,,,,,,,CO2,CO2,-19.7,-17.9,-6.5,-22.4,-20.2,-6.5,,,,,,,,,,,,,,,,,,,,,,,,,,,,
0BP09021,58,1.756,,,,,,,,CO2,CO2,-19.9,-19.1,-6.4,-19.4,-17.5,-6.1,,,,,,,,,,,,,,,,,,,,,,,,,,,,
0BN09011,59,2.493,,,,,,,,CO2,CO2,-16.4,-14.1,0.1,-22.8,-22.0,-9.3,,,,,,,,,,,,,,,,,,,,,,,,,,,,
0BN11021,60,3.056,,,,,,,,CO2,CO2,-24.3,-22.1,-8.4,-20.1,-17.8,-3.6,,,,,,,,,,,,,,,,,,,,,,,,,,,,
0BN11022,61,3.075,,,,,,,,CO2,CO2,-18.1,-16.1,-1.3,-27.0,-24.8,-11.1,,,,,,,,,,,,,,,,,,,,,,,,,,,,
0BP19021,62,2.563,,,,,,,,CO2,CO2,-11.4,-9.2,0.6,-20.4,-18.3,-3.6,,,,,,,,,,,,,,,,,,,,,,,,,,,,
0BP18011,63,2.868,,,,,,,,CO2,CO2,-10.4,-9.1,3.7,-14.5,-12.3,-2.5,,,,,,,,,,,,,,,,,,,,,,,,,,,,
0BP20051,64,2.08622,,,,,,,,CO2,CO2,-7.9,-7.0,3.9,-13.3,-12.0,0.8,,,,,,,,,,,,,,,,,,,,,,,,,,,,
0BP20061,65,3.14856,,,,,,,,CO2,CO2,-14.1,-12.0,4.2,-11.0,-10.0,0.8,,,,,,,,,,,,,,,,,,,,,,,,,,,,
0BP20011,66,1.993,,,,,,,,CO2,CO2,-28.5,-27.3,-18.8,-16.8,-14.7,1.5,,,,,,,,,,,,,,,,,,,,,,,,,,,,
0AP20011,67,2.61169,,,,,,,,CO2,CO2,-9.8,-8.4,4.7,-29.5,-28.3,-19.7,,,,,,,,,,,,,,,,,,,,,,,,,,,,
0?P15011,68,3.24,,,,,,,,CO2,CO2,-5.7,-4.5,9.7,-13.0,-11.6,1.5,,,,,,,,,,,,,,,,,,,,,,,,,,,,
0?P19011,69,3.359,,,,,,,,CO2,CO2,-3.8,-2.8,9.0,-11.4,-10.2,4.0,,,,,,,,,,,,,,,,,,,,,,,,,,,,
0?P19012,70,3.435,,,,,,,,CO2,CO2,4.1,5.3,16.9,-11.0,-10.0,1.8,,,,,,,,,,,,,,,,,,,,,,,,,,,,
0BP19031,71,2.955,,,,,,,,CO2,CO2,-16.6,-15.7,-4.5,-2.3,-1.1,10.5,,,,,,,,,,,,,,,,,,,,,,,,,,,,
0BP16061,72,2.938,,,,,,,,CO2,CO2,-23.3,-22.3,-10.7,-20.9,-20.0,-8.8,,,,,,,,,,,,,,,,,,,,,,,,,,,,
0BN11011,73,1.716,,,,,,,,CO2,CO2,3.9,5.0,15.0,-27.3,-26.2,-14.7,,,,,,,,,,,,,,,,,,,,,,,,,,,,
0BN11012,74,1.704,,,,,,,,CO2,CO2,-2.5,-0.7,10.9,-0.2,1.0,10.9,,,,,,,,,,,,,,,,,,,,,,,,,,,,
0BN11013,75,1.717,,,,,,,,CO2,CO2,5.3,6.9,19.4,-6.2,-4.4,7.3,,,,,,,,,,,,,,,,,,,,,,,,,,,,
0BN11014,76,1.781,,,,,,,,CO2,CO2,-7.4,-5.7,6.4,1.7,3.2,15.8,,,,,,,,,,,,,,,,,,,,,,,,,,,,
0BN11015,77,1.727,,,,,,,,CO2,CO2,-6.6,-5.1,7.2,-10.8,-9.2,3.0,,,,,,,,,,,,,,,,,,,,,,,,,,,,
0BP15011,78,5.195,,,,,,,,CO2,CO2,-13.3,-12.2,3.0,-10.2,-8.6,3.6,,,,,,,,,,,,,,,,,,,,,,,,,,,,
0BP15021,79,5.433,,,,,,,,CO2,CO2,-1.1,-4.9,12.5,-17.4,-16.3,-1.0,,,,,,,,,,,,,,,,,,,,,,,,,,,,
0BP15022,80,4.0843,,,,,,,,CO2,CO2,4.2,5.2,19.0,0.9,-3.0,14.4,,,,,,,,,,,,,,,,,,,,,,,,,,,,
0BP15023,81,4.386,,,,,,,,CO2,CO2,-4.1,-3.0,10.6,0.6,1.6,15.4,,,,,,,,,,,,,,,,,,,,,,,,,,,,
0BP19041,83,4.434,,,,,,,,CO2,CO2,2.0,2.7,15.0,-10.2,-9.1,4.5,,,,,,,,,,,,,,,,,,,,,,,,,,,,
0BP19051,84,2.238,,,,,,,,CO2,CO2,-11.3,-9.9,3.6,-3.2,-2.5,9.8,,,,,,,,,,,,,,,,,,,,,,,,,,,,
0BP19052,85,2.174,,,,,,,,CO2,CO2,-8.6,-7.2,6.5,-14.3,-12.9,0.5,,,,,,,,,,,,,,,,,,,,,,,,,,,,
0BP16041,86,2.235,,,,,,,,CO2,CO2,-13.7,-12.5,0.9,-11.5,-10.1,3.6,,,,,,,,,,,,,,,,,,,,,,,,,,,,
0BP16042,87,2.237,,,,,,,,CO2,CO2,-13.4,-12.2,1.2,-15.8,-14.6,-1.2,,,,,,,,,,,,,,,,,,,,,,,,,,,,
0AP19011,88,3.275,,,,,,,,CO2,CO2,-21.7,-20.2,-7.3,-15.5,-14.3,-0.8,,,,,,,,,,,,,,,,,,,,,,,,,,,,
0AP19012,89,3.133,,,,,,,,CO2,CO2,-4.0,-2.9,6.6,-25.0,-23.5,-10.6,,,,,,,,,,,,,,,,,,,,,,,,,,,,
0AP16011,90,3.263,,,,,,,,CO2,CO2,-9.5,-7.9,3.2,-4.1,-3.0,6.4,,,,,,,,,,,,,,,,,,,,,,,,,,,,
0AP18011,91,3.215,,,,,,,,CO2,CO2,-20.5,-19.3,-7.6,-13.7,-12.2,-1.0,,,,,,,,,,,,,,,,,,,,,,,,,,,,
0BS18011,94,2.879,,,,,,,,CO2,CO2,6.6,7.3,18.6,-22.6,-21.4,-9.7,,,,,,,,,,,,,,,,,,,,,,,,,,,,
0BP17031,95,2.999,,,,,,,,CO2,CO2,-7.0,-5.8,6.0,4.2,4.9,16.2,,,,,,,,,,,,,,,,,,,,,,,,,,,,
0BP13061,96,2.808,,,,,,,,CO2,CO2,-4.1,-3.1,10.3,-12.0,-10.8,1.0,,,,,,,,,,,,,,,,,,,,,,,,,,,,
0BN19021,97,2.928,,,,,,,,CO2,CO2,-30.5,-28.3,-14.0,-7.0,-6.1,7.4,,,,,,,,,,,,,,,,,,,,,,,,,,,,
0BN19022,98,1.633,,,,,,,,CO2,CO2,-29.1,-26.5,-13.3,-35.1,-32.9,-18.6,,,,,,,,,,,,,,,,,,,,,,,,,,,,
0?N16011,99,2.195,,,,,,,,CO2,CO2,-10.4,-8.0,5.6,-33.1,-30.5,-17.3,,,,,,,,,,,,,,,,,,,,,,,,,,,,
0BP11011,103,1.91,,,,,,,,CO2,CO2,-9.4,-8.5,3.7,-14.6,-12.3,1.4,,,,,,,,,,,,,,,,,,,,,,,,,,,,
0BP11012,104,1.91,,,,,,,,CO2,CO2,-8.9,-7.4,4.1,-10.7,-9.8,2.4,,,,,,,,,,,,,,,,,,,,,,,,,,,,
0BP13031,105,2.198,,,,,,,,CO2,CO2,12.1,12.8,24.0,-10.2,-8.7,2.8,,,,,,,,,,,,,,,,,,,,,,,,,,,,
0BP13032,106,2.069,,,,,,,,CO2,CO2,13.7,14.9,27.0,9.2,9.9,21.1,,,,,,,,,,,,,,,,,,,,,,,,,,,,
0BP13033,107,2.014,,,,,,,,CO2,CO2,26.2,27.3,38.1,10.9,12.0,24.1,,,,,,,,,,,,,,,,,,,,,,,,,,,,
0BP13041,108,2.176,,,,,,,,CO2,CO2,13.4,14.6,26.8,21.9,23.0,33.8,,,,,,,,,,,,,,,,,,,,,,,,,,,,
0BP13051,109,2.958,,,,,,,,CO2,CO2,11.0,12.5,26.4,11.0,12.3,24.5,,,,,,,,,,,,,,,,,,,,,,,,,,,,
0BP18021,111,3.882,,,,,,,,CO2,CO2,8.2,9.3,24.8,8.7,10.3,24.2,,,,,,,,,,,,,,,,,,,,,,,,,,,,
0BP18031,112,3.542,,,,,,,,CO2,CO2,-5.2,-4.1,9.5,6.2,7.3,22.8,,,,,,,,,,,,,,,,,,,,,,,,,,,,
0BP17041,113,3.183,,,,,,,,CO2,CO2,-5.3,-3.3,11.6,-8.4,-7.4,6.3,,,,,,,,,,,,,,,,,,,,,,,,,,,,
0BN13031,114,2.807,,,,,,,,CO2,CO2,-14.1,-11.9,2.1,-7.9,-5.9,9.0,,,,,,,,,,,,,,,,,,,,,,,,,,,,
0BN17021,115,1.719,,,,,,,,CO2,CO2,-2.7,-0.7,11.6,-19.4,-17.2,-3.2,,,,,,,,,,,,,,,,,,,,,,,,,,,,
0BN17031,120,4.637,,,,,,,,CO2,CO2,-4.1,-3.2,5.4,-5.7,-3.6,8.7,,,,,,,,,,,,,,,,,,,,,,,,,,,,
0BP15041,122,3.262,,,,,,,,CO2,CO2,3.9,4.2,15.4,-3.8,-2.9,5.7,,,,,,,,,,,,,,,,,,,,,,,,,,,,
0BP15042,123,3.257,,,,,,,,CO2,CO2,-6.0,-5.0,3.8,0.9,1.2,12.4,,,,,,,,,,,,,,,,,,,,,,,,,,,,
0BP15043,124,3.255,,,,,,,,CO2,CO2,-4.0,-3.0,4.3,-5.7,-4.7,4.1,,,,,,,,,,,,,,,,,,,,,,,,,,,,
0BP15044,125,3.052,,,,,,,,CO2,CO2,-0.6,0.2,13.6,-3.6,-2.7,4.7,,,,,,,,,,,,,,,,,,,,,,,,,,,,
0BP15045,126,3.267,,,,,,,,CO2,CO2,-6.1,-5.3,2.7,-3.7,-2.9,10.5,,,,,,,,,,,,,,,,,,,,,,,,,,,,
0BP15046,127,3.238,,,,,,,,CO2,CO2,1.1,1.7,14.8,-6.3,-5.5,2.6,,,,,,,,,,,,,,,,,,,,,,,,,,,,
0BN13011,129,3.056,,,,,,,,CO2,CO2,4.2,6.4,22.0,-2.0,-1.4,11.8,,,,,,,,,,,,,,,,,,,,,,,,,,,,
0BN13012,130,3.035,,,,,,,,CO2,CO2,1.7,3.7,18.2,0.6,2.8,18.3,,,,,,,,,,,,,,,,,,,,,,,,,,,,
0BP16071,131,2.081,,,,,,,,CO2,CO2,13.8,14.0,21.9,-0.6,1.4,15.9,,,,,,,,,,,,,,,,,,,,,,,,,,,,
0BP16072,132,2.061,,,,,,,,CO2,CO2,5.8,6.0,14.4,9.5,9.7,17.6,,,,,,,,,,,,,,,,,,,,,,,,,,,,
0BP16073,133,1.989,,,,,,,,CO2,CO2,18.6,19.2,28.7,0.8,1.0,9.4,,,,,,,,,,,,,,,,,,,,,,,,,,,,
0BN15031,134,1.62,,,,,,,,CO2,CO2,-4.0,-2.3,10.0,15.5,16.1,25.7,,,,,,,,,,,,,,,,,,,,,,,,,,,,
0BN15032,135,1.642,,,,,,,,CO2,CO2,-6.8,-5.2,7.5,-7.0,-5.3,7.1,,,,,,,,,,,,,,,,,,,,,,,,,,,,
0BN15033,136,1.602,,,,,,,,CO2,CO2,-8.9,-6.9,6.2,-10.3,-8.7,3.9,,,,,,,,,,,,,,,,,,,,,,,,,,,,
0BN15034,137,1.601,,,,,,,,CO2,CO2,-7.8,-5.9,7.1,-12.3,-10.3,2.7,,,,,,,,,,,,,,,,,,,,,,,,,,,,
0BN15035,138,1.654,,,,,,,,CO2,CO2,11.0,12.1,22.4,-10.7,-8.7,4.3,,,,,,,,,,,,,,,,,,,,,,,,,,,,
0BN15036,139,7.58,,,,,,,,CO2,CO2,-3.8,-2.7,5.4,6.2,7.3,17.6,,,,,,,,,,,,,,,,,,,,,,,,,,,,
0BP12021,140,7.449,,,,,,,,CO2,CO2,-4.2,-3.4,3.0,-3.6,-2.6,5.6,,,,,,,,,,,,,,,,,,,,,,,,,,,,
0BN13021,141,3.606,,,,,,,,CO2,CO2,-2.5,-1.5,6.9,-3.9,-3.0,3.4,,,,,,,,,,,,,,,,,,,,,,,,,,,,
0BP14021,148,3.445,,,,,,,,CO2,CO2,-16.4,-14.5,2.9,-2.6,-1.6,6.7,,,,,,,,,,,,,,,,,,,,,,,,,,,,
0BP14022,149,2.09,,,,,,,,CO2,CO2,-3.4,-2.5,10.0,-18.7,-16.8,0.6,,,,,,,,,,,,,,,,,,,,,,,,,,,,
0BP14023,150,2.033,,,,,,,,CO2,CO2,3.5,4.6,17.8,-6.2,-5.3,7.2,,,,,,,,,,,,,,,,,,,,,,,,,,,,
0BP14024,151,2.035,,,,,,,,CO2,CO2,-2.4,-1.2,11.6,0.9,2.0,15.2,,,,,,,,,,,,,,,,,,,,,,,,,,,,
0BP13071,152,2.792,,,,,,,,CO2,CO2,-5.0,-4.0,9.5,-4.9,-3.7,9.1,,,,,,,,,,,,,,,,,,,,,,,,,,,,
0BP13072,153,3.646,,,,,,,,CO2,CO2,3.4,4.6,17.3,-7.6,-6.6,6.8,,,,,,,,,,,,,,,,,,,,,,,,,,,,
0BP07021,154,4.352,,,,,,,,CO2,CO2,-8.5,-7.2,3.6,0.8,1.9,14.7,,,,,,,,,,,,,,,,,,,,,,,,,,,,
0BP07022,155,4.426,,,,,,,,CO2,CO2,11.9,11.0,18.5,-8.3,-6.9,3.9,,,,,,,,,,,,,,,,,,,,,,,,,,,,
0BP07023,156,4.394,,,,,,,,CO2,CO2,11.0,10.9,18.2,12.9,12.0,19.4,,,,,,,,,,,,,,,,,,,,,,,,,,,,
0AP12011,157,3.342,,,,,,,,CO2,CO2,-24.9,-23.7,-10.6,11.1,11.0,18.4,,,,,,,,,,,,,,,,,,,,,,,,,,,,
0BP06011,1,6.247,,,,,,,,H2,,,,,,,,H2,-5.3,-1.0,8.8,-14.1,-9.8,0.0,,,,,,,,,,,,,,,,,,,,,
0BP07011,2,2.217,,,,,,,,H2,,,,,,,,H2,-5.2,-1.1,6.5,-10.3,-6.2,1.5,,,,,,,,,,,,,,,,,,,,,
0BN08011,3,3.518,,,,,,,,H2,,,,,,,,H2,-23.5,-17.1,-7.7,-29.1,-22.7,-13.3,,,,,,,,,,,,,,,,,,,,,
0BP08011,4,1.807,,,,,,,,H2,,,,,,,,H2,-34.3,-30.1,-20.4,-36.1,-31.9,-22.2,,,,,,,,,,,,,,,,,,,,,
0BP08012,5,1.79,,,,,,,,H2,,,,,,,,H2,-35.0,-30.8,-20.4,-36.2,-31.9,-21.6,,,,,,,,,,,,,,,,,,,,,
0BN03011,7,2.991,,,,,,,,H2,,,,,,,,H2,-3.8,1.9,10.5,-7.9,-2.2,6.4,,,,,,,,,,,,,,,,,,,,,
0BN12011,8,1.758,,,,,,,,H2,,,,,,,,H2,-9.9,-4.0,3.8,-13.9,-8.0,-0.3,,,,,,,,,,,,,,,,,,,,,
0BN17011,9,3.008,,,,,,,,H2,,,,,,,,H2,-20.3,-14.0,-6.1,-25.5,-19.2,-11.3,,,,,,,,,,,,,,,,,,,,,
0BN17012,10,2.978,,,,,,,,H2,,,,,,,,H2,5.2,11.5,21.5,-2.2,4.1,14.1,,,,,,,,,,,,,,,,,,,,,
0BN17013,11,3.011,,,,,,,,H2,,,,,,,,H2,-14.0,-7.5,1.4,-22.2,-15.7,-6.7,,,,,,,,,,,,,,,,,,,,,
0BN17014,12,2.912,,,,,,,,H2,,,,,,,,H2,-9.9,-3.7,6.3,-16.6,-10.4,-0.4,,,,,,,,,,,,,,,,,,,,,
0BN17015,13,2.96,,,,,,,,H2,,,,,,,,H2,-15.2,-9.1,-0.5,-22.0,-15.9,-7.3,,,,,,,,,,,,,,,,,,,,,
0BN17016,14,1.725,,,,,,,,H2,,,,,,,,H2,-3.3,4.6,10.7,-6.6,1.3,7.3,,,,,,,,,,,,,,,,,,,,,
0BN17017,15,1.753,,,,,,,,H2,,,,,,,,H2,-10.0,-3.7,4.3,-13.3,-6.9,1.1,,,,,,,,,,,,,,,,,,,,,
0BP13011,16,3.462,,,,,,,,H2,,,,,,,,H2,-17.6,-13.9,-3.0,-22.7,-19.0,-8.2,,,,,,,,,,,,,,,,,,,,,
0BP12011,17,2.152,,,,,,,,H2,,,,,,,,H2,-4.8,-0.6,6.9,-8.6,-4.4,3.1,,,,,,,,,,,,,,,,,,,,,
0BP16011,18,2.173,,,,,,,,H2,,,,,,,,H2,-21.0,-16.7,-7.2,-24.5,-20.2,-10.8,,,,,,,,,,,,,,,,,,,,,
0BN10011,19,2.355,,,,,,,,H2,,,,,,,,H2,-23.7,-17.6,-8.6,-25.7,-19.6,-10.7,,,,,,,,,,,,,,,,,,,,,
0BP15031,20,3.463,,,,,,,,H2,,,,,,,,H2,-9.7,-5.5,7.2,-14.9,-10.6,2.1,,,,,,,,,,,,,,,,,,,,,
0BP15032,21,2.229,,,,,,,,H2,,,,,,,,H2,-10.7,-6.5,1.4,-17.9,-13.7,-5.7,,,,,,,,,,,,,,,,,,,,,
0BP16031,22,2.049,,,,,,,,H2,,,,,,,,H2,19.8,23.6,29.0,13.7,17.5,22.9,,,,,,,,,,,,,,,,,,,,,
0BP16032,23,2.008,,,,,,,,H2,,,,,,,,H2,14.8,18.3,24.1,9.5,13.1,18.9,,,,,,,,,,,,,,,,,,,,,
0BN16011,24,1.713,,,,,,,,H2,,,,,,,,H2,3.7,9.0,14.9,-1.0,4.4,10.3,,,,,,,,,,,,,,,,,,,,,
0BN16012,25,1.728,,,,,,,,H2,,,,,,,,H2,8.2,13.2,17.6,3.4,8.4,12.8,,,,,,,,,,,,,,,,,,,,,
0BP09011,26,2.082,,,,,,,,H2,,,,,,,,H2,4.1,7.7,13.3,-0.4,3.2,8.8,,,,,,,,,,,,,,,,,,,,,
0BP09012,27,2.171,,,,,,,,H2,,,,,,,,H2,-7.9,-3.7,3.2,-12.6,-8.3,-1.4,,,,,,,,,,,,,,,,,,,,,
0BP09013,28,2.104,,,,,,,,H2,,,,,,,,H2,-13.6,-9.6,-1.8,-17.3,-13.3,-5.5,,,,,,,,,,,,,,,,,,,,,
0BP09014,29,2.149,,,,,,,,H2,,,,,,,,H2,-6.1,-2.3,4.3,-9.6,-5.8,0.8,,,,,,,,,,,,,,,,,,,,,
0BP16021,30,2.121,,,,,,,,H2,,,,,,,,H2,3.5,7.0,12.0,-1.4,2.1,7.0,,,,,,,,,,,,,,,,,,,,,
0BP16022,31,2.142,,,,,,,,H2,,,,,,,,H2,0.7,3.8,8.4,-5.1,-2.0,2.6,,,,,,,,,,,,,,,,,,,,,
0BP16023,32,2.095,,,,,,,,H2,,,,,,,,H2,0.2,3.2,7.9,-4.6,-1.6,3.1,,,,,,,,,,,,,,,,,,,,,
0BN11031,33,3.258,,,,,,,,H2,,,,,,,,H2,-15.1,-8.8,-2.1,-19.7,-13.4,-6.7,,,,,,,,,,,,,,,,,,,,,
0BN14011,34,3.508,,,,,,,,H2,,,,,,,,H2,-18.3,-12.1,-4.1,-23.4,-17.2,-9.2,,,,,,,,,,,,,,,,,,,,,
0BN14012,35,3.247,,,,,,,,H2,,,,,,,,H2,-20.8,-14.7,-6.3,-26.6,-20.5,-12.2,,,,,,,,,,,,,,,,,,,,,
0BN14013,36,3.25,,,,,,,,H2,,,,,,,,H2,-23.2,-16.9,-8.3,-29.5,-23.1,-14.5,,,,,,,,,,,,,,,,,,,,,
0BN14014,37,3.119,,,,,,,,H2,,,,,,,,H2,-16.2,-9.6,-0.3,-21.2,-14.6,-5.3,,,,,,,,,,,,,,,,,,,,,
0BN14015,38,3.778,,,,,,,,H2,,,,,,,,H2,-20.5,-14.1,-4.7,-25.6,-19.2,-9.8,,,,,,,,,,,,,,,,,,,,,
0BN14016,39,3.462,,,,,,,,H2,,,,,,,,H2,-14.7,-8.0,-0.6,-19.0,-12.3,-4.9,,,,,,,,,,,,,,,,,,,,,
0BN15021,40,3.344,,,,,,,,H2,,,,,,,,H2,-13.3,-6.7,1.0,-18.8,-12.1,-4.5,,,,,,,,,,,,,,,,,,,,,
0PN12011,41,1.869,,,,,,,,H2,,,,,,,,H2,14.9,20.7,30.6,14.1,19.9,29.8,,,,,,,,,,,,,,,,,,,,,
0AN13011,42,3.435,,,,,,,,H2,,,,,,,,H2,3.2,6.9,17.4,0.5,4.1,14.7,,,,,,,,,,,,,,,,,,,,,
0BN18021,43,2.864,,,,,,,,H2,,,,,,,,H2,-8.9,-3.1,4.9,-13.1,-7.3,0.7,,,,,,,,,,,,,,,,,,,,,
0BP14011,44,3.253,,,,,,,,H2,,,,,,,,H2,18.0,21.3,32.5,14.3,17.6,28.9,,,,,,,,,,,,,,,,,,,,,
0BP13021,45,2.028,,,,,,,,H2,,,,,,,,H2,-0.9,3.2,12.9,-2.9,1.2,10.9,,,,,,,,,,,,,,,,,,,,,
0BP13022,46,2.019,,,,,,,,H2,,,,,,,,H2,1.8,6.0,13.9,-0.2,4.0,11.9,,,,,,,,,,,,,,,,,,,,,
0BP17011,47,3.846,,,,,,,,H2,,,,,,,,H2,-16.8,-12.4,-3.1,-21.2,-16.8,-7.6,,,,,,,,,,,,,,,,,,,,,
0BP20031,48,3.08,,,,,,,,H2,,,,,,,,H2,1.7,6.6,12.7,4.3,9.2,15.3,,,,,,,,,,,,,,,,,,,,,
0BP20041,49,2.671,,,,,,,,H2,,,,,,,,H2,-18.2,-12.9,-2.0,-20.6,-15.2,-4.3,,,,,,,,,,,,,,,,,,,,,
0BP16051,50,2.082,,,,,,,,H2,,,,,,,,H2,-6.8,-2.5,4.8,-9.1,-4.8,2.5,,,,,,,,,,,,,,,,,,,,,
0BP19011,51,3.394,,,,,,,,H2,,,,,,,,H2,-6.3,-1.4,10.8,-11.0,-6.1,6.0,,,,,,,,,,,,,,,,,,,,,
0BN18011,52,1.729,,,,,,,,H2,,,,,,,,H2,-2.7,2.3,8.2,-7.3,-2.3,3.6,,,,,,,,,,,,,,,,,,,,,
0BN16021,53,3.539,,,,,,,,H2,,,,,,,,H2,-17.5,-10.2,-0.2,-20.0,-12.7,-2.7,,,,,,,,,,,,,,,,,,,,,
0BP17021,54,3.187,,,,,,,,H2,,,,,,,,H2,-8.8,-4.0,1.7,-15.0,-10.2,-4.5,,,,,,,,,,,,,,,,,,,,,
0BN15011,55,3.32,,,,,,,,H2,,,,,,,,H2,-0.1,5.4,15.9,-5.1,0.4,10.9,,,,,,,,,,,,,,,,,,,,,
0BN10021,56,2.55,,,,,,,,H2,,,,,,,,H2,-14.1,-8.1,1.3,-18.9,-13.0,-3.6,,,,,,,,,,,,,,,,,,,,,
0BN19011,57,4.703,,,,,,,,H2,,,,,,,,H2,-55.9,-48.5,-37.9,-68.4,-61.0,-50.4,,,,,,,,,,,,,,,,,,,,,
0BP09021,58,1.756,,,,,,,,H2,,,,,,,,H2,-40.6,-36.7,-27.0,-42.2,-38.3,-28.6,,,,,,,,,,,,,,,,,,,,,
0BN09011,59,2.493,,,,,,,,H2,,,,,,,,H2,-7.8,-1.6,8.3,-12.3,-6.1,3.8,,,,,,,,,,,,,,,,,,,,,
0BN11021,60,3.056,,,,,,,,H2,,,,,,,,H2,-14.4,-8.8,0.6,-16.8,-11.2,-1.8,,,,,,,,,,,,,,,,,,,,,
0BN11022,61,3.075,,,,,,,,H2,,,,,,,,H2,-16.4,-10.8,-0.8,-18.0,-12.4,-2.4,,,,,,,,,,,,,,,,,,,,,
0BP19021,62,2.563,,,,,,,,H2,,,,,,,,H2,-9.5,-4.6,1.4,-12.7,-7.8,-1.8,,,,,,,,,,,,,,,,,,,,,
0BP18011,63,2.868,,,,,,,,H2,,,,,,,,H2,-15.3,-10.8,-2.0,-18.8,-14.3,-5.6,,,,,,,,,,,,,,,,,,,,,
0BP20051,64,2.08622,,,,,,,,H2,,,,,,,,H2,-7.1,-3.0,3.7,-10.8,-6.7,0.0,,,,,,,,,,,,,,,,,,,,,
0BP20061,65,3.14856,,,,,,,,H2,,,,,,,,H2,-18.8,-14.2,-3.3,-22.0,-17.5,-6.6,,,,,,,,,,,,,,,,,,,,,
0BP20011,66,1.993,,,,,,,,H2,,,,,,,,H2,-20.1,-16.8,-12.8,-20.9,-17.7,-13.7,,,,,,,,,,,,,,,,,,,,,
0AP20011,67,2.61169,,,,,,,,H2,,,,,,,,H2,-4.1,-2.9,3.2,-4.4,-3.2,2.9,,,,,,,,,,,,,,,,,,,,,
0?P15011,68,3.24,,,,,,,,H2,,,,,,,,H2,9.3,12.7,20.8,2.8,6.2,14.2,,,,,,,,,,,,,,,,,,,,,
0?P19011,69,3.359,,,,,,,,H2,,,,,,,,H2,-0.5,-0.1,4.2,-0.6,-0.2,4.0,,,,,,,,,,,,,,,,,,,,,
0?P19012,70,3.435,,,,,,,,H2,,,,,,,,H2,4.8,8.6,16.9,-3.3,0.4,8.7,,,,,,,,,,,,,,,,,,,,,
0BP19031,71,2.955,,,,,,,,H2,,,,,,,,H2,-5.7,-1.9,7.0,-1.6,2.1,11.1,,,,,,,,,,,,,,,,,,,,,
0BP16061,72,2.938,,,,,,,,H2,,,,,,,,H2,-16.1,-12.2,-3.1,-19.9,-16.0,-6.9,,,,,,,,,,,,,,,,,,,,,
0BN11011,73,1.716,,,,,,,,H2,,,,,,,,H2,-5.2,0.5,6.1,-9.4,-3.7,1.9,,,,,,,,,,,,,,,,,,,,,
0BN11012,74,1.704,,,,,,,,H2,,,,,,,,H2,-4.7,1.4,8.1,-10.7,-4.6,2.2,,,,,,,,,,,,,,,,,,,,,
0BN11013,75,1.717,,,,,,,,H2,,,,,,,,H2,-3.3,2.7,9.0,-7.3,-1.3,5.0,,,,,,,,,,,,,,,,,,,,,
0BN11014,76,1.781,,,,,,,,H2,,,,,,,,H2,-14.9,-9.2,-2.1,-19.5,-13.8,-6.7,,,,,,,,,,,,,,,,,,,,,
0BN11015,77,1.727,,,,,,,,H2,,,,,,,,H2,-9.8,-4.1,3.0,-14.4,-8.6,-1.5,,,,,,,,,,,,,,,,,,,,,
0BP15011,78,5.195,,,,,,,,H2,,,,,,,,H2,-8.8,-4.8,5.3,-16.0,-12.0,-1.9,,,,,,,,,,,,,,,,,,,,,
0BP15021,79,5.433,,,,,,,,H2,,,,,,,,H2,-4.1,-0.2,9.0,-12.2,-8.3,0.9,,,,,,,,,,,,,,,,,,,,,
0BP15022,80,4.0843,,,,,,,,H2,,,,,,,,H2,-9.0,-5.1,3.3,-14.3,-10.4,-2.0,,,,,,,,,,,,,,,,,,,,,
0BP15023,81,4.386,,,,,,,,H2,,,,,,,,H2,-7.4,-3.5,4.6,-15.0,-11.1,-2.9,,,,,,,,,,,,,,,,,,,,,
0BP19041,83,4.434,,,,,,,,H2,,,,,,,,H2,0.3,4.1,12.1,-5.9,-2.1,5.9,,,,,,,,,,,,,,,,,,,,,
0BP19051,84,2.238,,,,,,,,H2,,,,,,,,H2,-11.6,-7.3,1.3,-15.7,-11.3,-2.8,,,,,,,,,,,,,,,,,,,,,
0BP19052,85,2.174,,,,,,,,H2,,,,,,,,H2,-6.6,-1.9,5.8,-10.3,-5.6,2.1,,,,,,,,,,,,,,,,,,,,,
0BP16041,86,2.235,,,,,,,,H2,,,,,,,,H2,-13.6,-9.3,-1.4,-16.7,-12.4,-4.6,,,,,,,,,,,,,,,,,,,,,
0BP16042,87,2.237,,,,,,,,H2,,,,,,,,H2,-13.3,-9.0,-1.0,-16.5,-12.3,-4.2,,,,,,,,,,,,,,,,,,,,,
0AP19011,88,3.275,,,,,,,,H2,,,,,,,,H2,4.8,8.0,15.8,1.0,4.2,12.0,,,,,,,,,,,,,,,,,,,,,
0AP19012,89,3.133,,,,,,,,H2,,,,,,,,H2,3.6,6.6,14.6,0.0,3.0,11.0,,,,,,,,,,,,,,,,,,,,,
0AP16011,90,3.263,,,,,,,,H2,,,,,,,,H2,15.9,18.7,29.1,12.2,14.9,25.4,,,,,,,,,,,,,,,,,,,,,
0AP18011,91,3.215,,,,,,,,H2,,,,,,,,H2,8.7,11.9,22.0,6.1,9.3,19.5,,,,,,,,,,,,,,,,,,,,,
0BS18011,94,2.879,,,,,,,,H2,,,,,,,,H2,16.9,20.7,31.3,13.6,17.4,28.0,,,,,,,,,,,,,,,,,,,,,
0BP17031,95,2.999,,,,,,,,H2,,,,,,,,H2,-2.9,1.4,9.3,-7.2,-2.9,4.9,,,,,,,,,,,,,,,,,,,,,
0BP13061,96,2.808,,,,,,,,H2,,,,,,,,H2,-2.3,2.0,10.9,-5.2,-1.0,8.0,,,,,,,,,,,,,,,,,,,,,
0BN19021,97,2.928,,,,,,,,H2,,,,,,,,H2,13.5,17.5,25.9,11.1,15.1,23.5,,,,,,,,,,,,,,,,,,,,,
0BN19022,98,1.633,,,,,,,,H2,,,,,,,,H2,-11.1,-5.3,3.2,-13.5,-7.7,0.8,,,,,,,,,,,,,,,,,,,,,
0?N16011,99,2.195,,,,,,,,H2,,,,,,,,H2,15.5,21.0,29.6,10.8,16.2,24.8,,,,,,,,,,,,,,,,,,,,,
0BP11011,103,1.91,,,,,,,,H2,,,,,,,,H2,0.3,4.1,11.8,-0.1,3.8,11.4,,,,,,,,,,,,,,,,,,,,,
0BP11012,104,1.91,,,,,,,,H2,,,,,,,,H2,1.8,5.8,15.3,1.9,5.9,15.4,,,,,,,,,,,,,,,,,,,,,
0BP13031,105,2.198,,,,,,,,H2,,,,,,,,H2,11.3,14.4,20.1,7.5,10.6,16.2,,,,,,,,,,,,,,,,,,,,,
0BP13032,106,2.069,,,,,,,,H2,,,,,,,,H2,25.2,29.0,37.2,22.6,26.4,34.6,,,,,,,,,,,,,,,,,,,,,
0BP13033,107,2.014,,,,,,,,H2,,,,,,,,H2,30.0,33.8,40.9,26.5,30.3,37.4,,,,,,,,,,,,,,,,,,,,,
0BP13041,108,2.176,,,,,,,,H2,,,,,,,,H2,20.2,23.9,29.6,16.8,20.5,26.2,,,,,,,,,,,,,,,,,,,,,
0BP13051,109,2.958,,,,,,,,H2,,,,,,,,H2,11.6,15.5,23.2,8.2,12.1,19.7,,,,,,,,,,,,,,,,,,,,,
0BP18021,111,3.882,,,,,,,,H2,,,,,,,,H2,10.1,13.8,24.2,7.0,10.7,21.1,,,,,,,,,,,,,,,,,,,,,
0BP18031,112,3.542,,,,,,,,H2,,,,,,,,H2,-10.3,-6.2,2.5,-15.1,-11.0,-2.3,,,,,,,,,,,,,,,,,,,,,
0BP17041,113,3.183,,,,,,,,H2,,,,,,,,H2,3.1,7.4,17.1,-0.8,3.5,13.2,,,,,,,,,,,,,,,,,,,,,
0BN13031,114,2.807,,,,,,,,H2,,,,,,,,H2,-20.5,-13.9,-4.5,-26.8,-20.2,-10.8,,,,,,,,,,,,,,,,,,,,,
0BN17021,115,1.719,,,,,,,,H2,,,,,,,,H2,1.3,6.1,13.6,-3.9,0.9,8.4,,,,,,,,,,,,,,,,,,,,,
0BN17031,120,4.637,,,,,,,,H2,,,,,,,,H2,-9.4,-2.5,6.7,-20.2,-13.3,-4.1,,,,,,,,,,,,,,,,,,,,,
0BP15041,122,3.262,,,,,,,,H2,,,,,,,,H2,21.5,24.9,33.2,19.9,23.2,31.5,,,,,,,,,,,,,,,,,,,,,
0BP15042,123,3.257,,,,,,,,H2,,,,,,,,H2,29.5,32.5,41.3,25.7,28.7,37.5,,,,,,,,,,,,,,,,,,,,,
0BP15043,124,3.255,,,,,,,,H2,,,,,,,,H2,27.6,30.7,40.1,24.2,27.3,36.7,,,,,,,,,,,,,,,,,,,,,
0BP15044,125,3.052,,,,,,,,H2,,,,,,,,H2,16.7,19.4,30.9,12.9,15.6,27.1,,,,,,,,,,,,,,,,,,,,,
0BP15045,126,3.267,,,,,,,,H2,,,,,,,,H2,17.8,21.3,29.9,12.4,15.8,24.5,,,,,,,,,,,,,,,,,,,,,
0BP15046,127,3.238,,,,,,,,H2,,,,,,,,H2,21.7,24.7,34.1,17.8,20.8,30.2,,,,,,,,,,,,,,,,,,,,,
0BN13011,129,3.056,,,,,,,,H2,,,,,,,,H2,1.9,8.0,17.7,-2.5,3.7,13.4,,,,,,,,,,,,,,,,,,,,,
0BN13012,130,3.035,,,,,,,,H2,,,,,,,,H2,2.1,8.0,18.5,-1.9,4.0,14.6,,,,,,,,,,,,,,,,,,,,,
0BP16071,131,2.081,,,,,,,,H2,,,,,,,,H2,7.7,11.3,14.9,1.9,5.5,9.1,,,,,,,,,,,,,,,,,,,,,
0BP16072,132,2.061,,,,,,,,H2,,,,,,,,H2,2.9,6.0,10.8,-2.6,0.5,5.3,,,,,,,,,,,,,,,,,,,,,
0BP16073,133,1.989,,,,,,,,H2,,,,,,,,H2,22.0,25.9,29.6,16.8,20.6,24.3,,,,,,,,,,,,,,,,,,,,,
0BN15031,134,1.62,,,,,,,,H2,,,,,,,,H2,-3.0,2.8,9.2,-8.0,-2.2,4.2,,,,,,,,,,,,,,,,,,,,,
0BN15032,135,1.642,,,,,,,,H2,,,,,,,,H2,-2.7,3.1,11.1,-8.1,-2.3,5.7,,,,,,,,,,,,,,,,,,,,,
0BN15033,136,1.602,,,,,,,,H2,,,,,,,,H2,-9.5,-3.6,6.0,-11.6,-5.7,3.9,,,,,,,,,,,,,,,,,,,,,
0BN15034,137,1.601,,,,,,,,H2,,,,,,,,H2,-9.7,-3.8,4.9,-12.3,-6.4,2.3,,,,,,,,,,,,,,,,,,,,,
0BN15035,138,1.654,,,,,,,,H2,,,,,,,,H2,7.0,11.7,17.1,2.2,6.9,12.4,,,,,,,,,,,,,,,,,,,,,
0BN15036,139,7.58,,,,,,,,H2,,,,,,,,H2,2.1,8.5,20.2,-7.3,-0.9,10.8,,,,,,,,,,,,,,,,,,,,,
0BP12021,140,7.449,,,,,,,,H2,,,,,,,,H2,1.3,5.7,15.5,-10.5,-6.1,3.6,,,,,,,,,,,,,,,,,,,,,
0BN13021,141,3.606,,,,,,,,H2,,,,,,,,H2,-16.6,-9.2,2.5,-23.8,-16.4,-4.7,,,,,,,,,,,,,,,,,,,,,
0BP14021,148,3.445,,,,,,,,H2,,,,,,,,H2,-19.4,-15.1,-5.1,-23.2,-18.9,-8.9,,,,,,,,,,,,,,,,,,,,,
0BP14022,149,2.09,,,,,,,,H2,,,,,,,,H2,-9.9,-5.7,-0.3,-13.7,-9.6,-4.1,,,,,,,,,,,,,,,,,,,,,
0BP14023,150,2.033,,,,,,,,H2,,,,,,,,H2,1.7,5.7,12.9,-1.3,2.7,9.9,,,,,,,,,,,,,,,,,,,,,
0BP14024,151,2.035,,,,,,,,H2,,,,,,,,H2,0.2,4.3,11.8,-2.9,1.2,8.8,,,,,,,,,,,,,,,,,,,,,
0BP13071,152,2.792,,,,,,,,H2,,,,,,,,H2,-2.6,1.7,10.9,-6.1,-1.7,7.5,,,,,,,,,,,,,,,,,,,,,
0BP13072,153,3.646,,,,,,,,H2,,,,,,,,H2,12.5,16.5,26.7,8.2,12.3,22.5,,,,,,,,,,,,,,,,,,,,,
0BP07021,154,4.352,,,,,,,,H2,,,,,,,,H2,41.0,44.7,49.1,47.7,51.4,55.8,,,,,,,,,,,,,,,,,,,,,
0BP07022,155,4.426,,,,,,,,H2,,,,,,,,H2,53.2,56.6,60.4,59.5,62.9,66.7,,,,,,,,,,,,,,,,,,,,,
0BP07023,156,4.394,,,,,,,,H2,,,,,,,,H2,47.0,50.6,53.4,51.5,55.0,57.8,,,,,,,,,,,,,,,,,,,,,
0AP12011,157,3.342,,,,,,,,H2,,,,,,,,H2,3.6,6.2,15.9,-0.7,1.9,11.6,,,,,,,,,,,,,,,,,,,,,
0BP06011,1,6.247,,,,,,,,H2CO,,,,,,,,,,,,,,,H2CO,-14.0,-11.9,2.1,-15.2,6.2,4.3,,,,,,,,,,,,,,
0BP07011,2,2.217,,,,,,,,H2CO,,,,,,,,,,,,,,,H2CO,-33.5,-30.5,-16.1,-36.3,-15.3,-19.9,,,,,,,,,,,,,,
0BN08011,3,3.518,,,,,,,,H2CO,,,,,,,,,,,,,,,H2CO,-10.2,-8.3,4.8,-10.2,11.1,8.2,,,,,,,,,,,,,,
0BP08011,4,1.807,,,,,,,,H2CO,,,,,,,,,,,,,,,H2CO,-3.3,-1.4,14.0,-5.3,16.0,15.4,,,,,,,,,,,,,,
0BP08012,5,1.79,,,,,,,,H2CO,,,,,,,,,,,,,,,H2CO,-4.2,-2.5,13.4,-3.6,17.5,17.4,,,,,,,,,,,,,,
0BN03011,7,2.991,,,,,,,,H2CO,,,,,,,,,,,,,,,H2CO,-25.9,-22.3,-5.9,-38.2,-15.7,-16.5,,,,,,,,,,,,,,
0BN12011,8,1.758,,,,,,,,H2CO,,,,,,,,,,,,,,,H2CO,-34.9,-31.4,-17.7,-27.7,-4.8,-4.4,,,,,,,,,,,,,,
0BN17011,9,3.008,,,,,,,,H2CO,,,,,,,,,,,,,,,H2CO,-21.9,-17.0,-1.6,-38.0,-15.1,-17.4,,,,,,,,,,,,,,
0BN17012,10,2.978,,,,,,,,H2CO,,,,,,,,,,,,,,,H2CO,-9.6,-6.5,6.7,-25.8,-1.5,-2.1,,,,,,,,,,,,,,
0BN17013,11,3.011,,,,,,,,H2CO,,,,,,,,,,,,,,,H2CO,1.9,3.9,16.5,-10.8,11.7,8.8,,,,,,,,,,,,,,
0BN17014,12,2.912,,,,,,,,H2CO,,,,,,,,,,,,,,,H2CO,-19.2,-13.7,3.5,-1.1,20.2,16.9,,,,,,,,,,,,,,
0BN17015,13,2.96,,,,,,,,H2CO,,,,,,,,,,,,,,,H2CO,-21.4,-16.5,-0.9,-24.4,0.5,1.6,,,,,,,,,,,,,,
0BN17016,14,1.725,,,,,,,,H2CO,,,,,,,,,,,,,,,H2CO,-30.8,-27.2,-13.6,-27.0,-2.7,-3.0,,,,,,,,,,,,,,
0BN17017,15,1.753,,,,,,,,H2CO,,,,,,,,,,,,,,,H2CO,-35.8,-31.9,-18.2,-34.1,-11.1,-13.5,,,,,,,,,,,,,,
0BP13011,16,3.462,,,,,,,,H2CO,,,,,,,,,,,,,,,H2CO,-44.8,-41.6,-24.9,-41.0,-17.8,-20.1,,,,,,,,,,,,,,
0BP12011,17,2.152,,,,,,,,H2CO,,,,,,,,,,,,,,,H2CO,5.7,6.3,18.0,-47.1,-24.5,-23.8,,,,,,,,,,,,,,
0BP16011,18,2.173,,,,,,,,H2CO,,,,,,,,,,,,,,,H2CO,-44.7,-42.1,-28.5,6.7,26.7,22.4,,,,,,,,,,,,,,
0BN10011,19,2.355,,,,,,,,H2CO,,,,,,,,,,,,,,,H2CO,-51.2,-47.4,-30.8,-47.1,-25.1,-27.4,,,,,,,,,,,,,,
0BP15031,20,3.463,,,,,,,,H2CO,,,,,,,,,,,,,,,H2CO,-37.7,-34.9,-16.9,-52.0,-28.8,-28.1,,,,,,,,,,,,,,
0BP15032,21,2.229,,,,,,,,H2CO,,,,,,,,,,,,,,,H2CO,-29.0,-25.7,-10.8,-41.3,-19.1,-17.0,,,,,,,,,,,,,,
0BP16031,22,2.049,,,,,,,,H2CO,,,,,,,,,,,,,,,H2CO,18.1,19.1,24.1,-34.0,-11.4,-12.5,,,,,,,,,,,,,,
0BP16032,23,2.008,,,,,,,,H2CO,,,,,,,,,,,,,,,H2CO,-18.6,-16.6,-5.2,19.5,39.8,28.8,,,,,,,,,,,,,,
0BN16011,24,1.713,,,,,,,,H2CO,,,,,,,,,,,,,,,H2CO,-17.1,-13.9,-1.8,-22.8,-1.4,-6.0,,,,,,,,,,,,,,
0BN16012,25,1.728,,,,,,,,H2CO,,,,,,,,,,,,,,,H2CO,-2.8,-2.5,7.8,-20.8,1.7,-2.2,,,,,,,,,,,,,,
0BP09011,26,2.082,,,,,,,,H2CO,,,,,,,,,,,,,,,H2CO,-23.8,-21.5,-11.0,-2.3,17.3,11.7,,,,,,,,,,,,,,
0BP09012,27,2.171,,,,,,,,H2CO,,,,,,,,,,,,,,,H2CO,-5.2,-3.6,8.2,-27.1,-5.4,-10.9,,,,,,,,,,,,,,
0BP09013,28,2.104,,,,,,,,H2CO,,,,,,,,,,,,,,,H2CO,-35.4,-32.9,-20.1,-5.3,15.7,11.5,,,,,,,,,,,,,,
0BP09014,29,2.149,,,,,,,,H2CO,,,,,,,,,,,,,,,H2CO,-28.0,-25.0,-11.2,-36.9,-15.1,-18.3,,,,,,,,,,,,,,
0BP16021,30,2.121,,,,,,,,H2CO,,,,,,,,,,,,,,,H2CO,-19.7,-17.7,-8.1,-29.4,-7.1,-9.3,,,,,,,,,,,,,,
0BP16022,31,2.142,,,,,,,,H2CO,,,,,,,,,,,,,,,H2CO,-22.3,-19.9,-7.4,-23.7,-2.3,-8.7,,,,,,,,,,,,,,
0BP16023,32,2.095,,,,,,,,H2CO,,,,,,,,,,,,,,,H2CO,-22.8,-20.5,-7.2,-25.5,-3.8,-7.3,,,,,,,,,,,,,,
0BN11031,33,3.258,,,,,,,,H2CO,,,,,,,,,,,,,,,H2CO,-1.4,0.6,10.4,-25.1,-3.5,-6.1,,,,,,,,,,,,,,
0BN14011,34,3.508,,,,,,,,H2CO,,,,,,,,,,,,,,,H2CO,-34.7,-30.5,-15.7,-1.3,20.1,14.0,,,,,,,,,,,,,,
0BN14012,35,3.247,,,,,,,,H2CO,,,,,,,,,,,,,,,H2CO,-33.7,-29.3,-14.2,-38.0,-14.4,-15.6,,,,,,,,,,,,,,
0BN14013,36,3.25,,,,,,,,H2CO,,,,,,,,,,,,,,,H2CO,-35.9,-31.4,-16.0,-38.0,-14.2,-15.1,,,,,,,,,,,,,,
0BN14014,37,3.119,,,,,,,,H2CO,,,,,,,,,,,,,,,H2CO,-32.8,-28.6,-13.0,-40.5,-16.6,-17.2,,,,,,,,,,,,,,
0BN14015,38,3.778,,,,,,,,H2CO,,,,,,,,,,,,,,,H2CO,-24.7,-20.4,-4.4,-35.8,-12.3,-12.7,,,,,,,,,,,,,,
0BN14016,39,3.462,,,,,,,,H2CO,,,,,,,,,,,,,,,H2CO,-33.6,-29.3,-14.7,-27.7,-4.0,-4.0,,,,,,,,,,,,,,
0BN15021,40,3.344,,,,,,,,H2CO,,,,,,,,,,,,,,,H2CO,-27.9,-23.6,-8.1,-35.9,-12.2,-13.7,,,,,,,,,,,,,,
0PN12011,41,1.869,,,,,,,,H2CO,,,,,,,,,,,,,,,H2CO,-41.3,-37.4,-22.5,-32.0,-8.4,-8.8,,,,,,,,,,,,,,
0AN13011,42,3.435,,,,,,,,H2CO,,,,,,,,,,,,,,,H2CO,-22.3,-18.6,-0.3,-40.9,-17.5,-18.6,,,,,,,,,,,,,,
0BN18021,43,2.864,,,,,,,,H2CO,,,,,,,,,,,,,,,H2CO,-9.7,-7.9,5.4,-25.9,-2.8,-0.5,,,,,,,,,,,,,,
0BP14011,44,3.253,,,,,,,,H2CO,,,,,,,,,,,,,,,H2CO,-24.0,-21.9,-6.9,-10.4,10.7,8.1,,,,,,,,,,,,,,
0BP13021,45,2.028,,,,,,,,H2CO,,,,,,,,,,,,,,,H2CO,-31.3,-28.5,-13.6,-28.5,-7.1,-8.0,,,,,,,,,,,,,,
0BP13022,46,2.019,,,,,,,,H2CO,,,,,,,,,,,,,,,H2CO,-32.1,-29.6,-15.4,-32.4,-10.2,-11.3,,,,,,,,,,,,,,
0BP17011,47,3.846,,,,,,,,H2CO,,,,,,,,,,,,,,,H2CO,-3.4,-1.2,12.8,-33.7,-11.7,-13.6,,,,,,,,,,,,,,
0BP20031,48,3.08,,,,,,,,H2CO,,,,,,,,,,,,,,,H2CO,-6.3,-5.1,2.9,-4.1,17.4,15.4,,,,,,,,,,,,,,
0BP20041,49,2.671,,,,,,,,H2CO,,,,,,,,,,,,,,,H2CO,-35.0,-31.0,-15.1,-4.1,16.5,8.5,,,,,,,,,,,,,,
0BP16051,50,2.082,,,,,,,,H2CO,,,,,,,,,,,,,,,H2CO,-38.3,-35.3,-20.3,-35.9,-12.5,-12.5,,,,,,,,,,,,,,
0BP19011,51,3.394,,,,,,,,H2CO,,,,,,,,,,,,,,,H2CO,-38.7,-35.1,-16.0,-38.6,-16.3,-17.2,,,,,,,,,,,,,,
0BN18011,52,1.729,,,,,,,,H2CO,,,,,,,,,,,,,,,H2CO,0.9,1.4,12.4,-40.4,-17.3,-14.2,,,,,,,,,,,,,,
0BN16021,53,3.539,,,,,,,,H2CO,,,,,,,,,,,,,,,H2CO,0.4,0.5,12.2,2.1,22.0,17.0,,,,,,,,,,,,,,
0BP17021,54,3.187,,,,,,,,H2CO,,,,,,,,,,,,,,,H2CO,-38.6,-35.0,-23.2,3.6,23.1,18.9,,,,,,,,,,,,,,
0BN15011,55,3.32,,,,,,,,H2CO,,,,,,,,,,,,,,,H2CO,-15.7,-11.6,4.4,-43.1,-20.2,-24.4,,,,,,,,,,,,,,
0BN10021,56,2.55,,,,,,,,H2CO,,,,,,,,,,,,,,,H2CO,-43.5,-39.5,-23.6,-18.8,4.6,4.7,,,,,,,,,,,,,,
0BN19011,57,4.703,,,,,,,,H2CO,,,,,,,,,,,,,,,H2CO,-50.2,-46.7,-32.1,-45.4,-22.1,-22.2,,,,,,,,,,,,,,
0BP09021,58,1.756,,,,,,,,H2CO,,,,,,,,,,,,,,,H2CO,-18.1,-16.1,-1.0,-52.6,-29.8,-31.1,,,,,,,,,,,,,,
0BN09011,59,2.493,,,,,,,,H2CO,,,,,,,,,,,,,,,H2CO,-36.4,-32.4,-16.6,-18.1,3.3,2.5,,,,,,,,,,,,,,
0BN11021,60,3.056,,,,,,,,H2CO,,,,,,,,,,,,,,,H2CO,-40.3,-36.4,-21.0,-39.0,-15.7,-15.9,,,,,,,,,,,,,,
0BN11022,61,3.075,,,,,,,,H2CO,,,,,,,,,,,,,,,H2CO,-34.4,-30.5,-13.9,-40.7,-17.4,-18.0,,,,,,,,,,,,,,
0BP19021,62,2.563,,,,,,,,H2CO,,,,,,,,,,,,,,,H2CO,-36.7,-33.4,-22.2,-34.2,-11.0,-10.4,,,,,,,,,,,,,,
0BP18011,63,2.868,,,,,,,,H2CO,,,,,,,,,,,,,,,H2CO,-6.2,-4.9,5.1,-38.6,-15.8,-20.6,,,,,,,,,,,,,,
0BP20051,64,2.08622,,,,,,,,H2CO,,,,,,,,,,,,,,,H2CO,-36.7,-34.2,-21.7,-5.2,15.5,9.5,,,,,,,,,,,,,,
0BP20061,65,3.14856,,,,,,,,H2CO,,,,,,,,,,,,,,,H2CO,-7.6,-5.0,9.5,-39.1,-17.2,-20.6,,,,,,,,,,,,,,
0BP20011,66,1.993,,,,,,,,H2CO,,,,,,,,,,,,,,,H2CO,-2.5,-1.5,5.8,-7.5,14.5,13.0,,,,,,,,,,,,,,
0AP20011,67,2.61169,,,,,,,,H2CO,,,,,,,,,,,,,,,H2CO,-15.8,-14.2,-1.7,-1.9,18.5,9.8,,,,,,,,,,,,,,
0?P15011,68,3.24,,,,,,,,H2CO,,,,,,,,,,,,,,,H2CO,-2.2,-0.9,8.2,-15.5,5.5,2.0,,,,,,,,,,,,,,
0?P19011,69,3.359,,,,,,,,H2CO,,,,,,,,,,,,,,,H2CO,-3.2,-1.9,6.1,-1.5,19.2,12.3,,,,,,,,,,,,,,
0?P19012,70,3.435,,,,,,,,H2CO,,,,,,,,,,,,,,,H2CO,-2.2,-0.9,6.5,-2.7,18.0,9.9,,,,,,,,,,,,,,
0BP19031,71,2.955,,,,,,,,H2CO,,,,,,,,,,,,,,,H2CO,-42.8,-40.4,-25.5,-1.5,19.2,10.6,,,,,,,,,,,,,,
0BP16061,72,2.938,,,,,,,,H2CO,,,,,,,,,,,,,,,H2CO,-52.2,-49.6,-35.1,-45.4,-23.6,-24.7,,,,,,,,,,,,,,
0BN11011,73,1.716,,,,,,,,H2CO,,,,,,,,,,,,,,,H2CO,-27.9,-24.4,-12.2,-54.3,-32.3,-33.8,,,,,,,,,,,,,,
0BN11012,74,1.704,,,,,,,,H2CO,,,,,,,,,,,,,,,H2CO,-29.7,-26.1,-12.4,-31.5,-8.6,-12.4,,,,,,,,,,,,,,
0BN11013,75,1.717,,,,,,,,H2CO,,,,,,,,,,,,,,,H2CO,-24.1,-20.5,-6.5,-33.1,-10.1,-12.5,,,,,,,,,,,,,,
0BN11014,76,1.781,,,,,,,,H2CO,,,,,,,,,,,,,,,H2CO,0.3,1.3,12.9,-26.8,-3.9,-5.8,,,,,,,,,,,,,,
0BN11015,77,1.727,,,,,,,,H2CO,,,,,,,,,,,,,,,H2CO,5.2,6.3,17.7,1.4,21.8,17.4,,,,,,,,,,,,,,
0BP15011,78,5.195,,,,,,,,H2CO,,,,,,,,,,,,,,,H2CO,-20.3,-17.7,-0.9,7.0,27.4,22.9,,,,,,,,,,,,,,
0BP15021,79,5.433,,,,,,,,H2CO,,,,,,,,,,,,,,,H2CO,-19.5,-17.4,-2.4,-19.2,2.8,3.6,,,,,,,,,,,,,,
0BP15022,80,4.0843,,,,,,,,H2CO,,,,,,,,,,,,,,,H2CO,-26.8,-23.8,-8.7,-19.0,2.4,1.4,,,,,,,,,,,,,,
0BP15023,81,4.386,,,,,,,,H2CO,,,,,,,,,,,,,,,H2CO,-8.5,-6.5,6.7,-29.4,-7.1,-7.9,,,,,,,,,,,,,,
0BP19041,83,4.434,,,,,,,,H2CO,,,,,,,,,,,,,,,H2CO,-14.4,-12.4,0.9,-9.2,12.2,9.5,,,,,,,,,,,,,,
0BP19051,84,2.238,,,,,,,,H2CO,,,,,,,,,,,,,,,H2CO,-38.1,-34.8,-19.7,-14.3,7.1,4.4,,,,,,,,,,,,,,
0BP19052,85,2.174,,,,,,,,H2CO,,,,,,,,,,,,,,,H2CO,-35.8,-32.6,-17.7,-40.0,-17.3,-18.1,,,,,,,,,,,,,,
0BP16041,86,2.235,,,,,,,,H2CO,,,,,,,,,,,,,,,H2CO,-37.3,-34.3,-18.9,-37.4,-14.8,-15.8,,,,,,,,,,,,,,
0BP16042,87,2.237,,,,,,,,H2CO,,,,,,,,,,,,,,,H2CO,-38.8,-35.8,-21.3,-38.8,-16.4,-17.0,,,,,,,,,,,,,,
0AP19011,88,3.275,,,,,,,,H2CO,,,,,,,,,,,,,,,H2CO,-17.6,-15.5,-4.1,-40.0,-17.6,-19.0,,,,,,,,,,,,,,
0AP19012,89,3.133,,,,,,,,H2CO,,,,,,,,,,,,,,,H2CO,-11.8,-10.0,0.2,-17.7,3.9,-0.7,,,,,,,,,,,,,,
0AP16011,90,3.263,,,,,,,,H2CO,,,,,,,,,,,,,,,H2CO,-16.9,-14.3,1.6,-12.8,8.4,2.6,,,,,,,,,,,,,,
0AP18011,91,3.215,,,,,,,,H2CO,,,,,,,,,,,,,,,H2CO,-38.4,-34.9,-17.6,-17.0,4.9,4.8,,,,,,,,,,,,,,
0BS18011,94,2.879,,,,,,,,H2CO,,,,,,,,,,,,,,,H2CO,-11.5,-9.4,4.0,-38.6,-15.7,-14.5,,,,,,,,,,,,,,
0BP17031,95,2.999,,,,,,,,H2CO,,,,,,,,,,,,,,,H2CO,-9.8,-7.4,6.3,-12.2,9.2,6.7,,,,,,,,,,,,,,
0BP13061,96,2.808,,,,,,,,H2CO,,,,,,,,,,,,,,,H2CO,-34.2,-31.6,-16.7,-10.4,11.4,9.0,,,,,,,,,,,,,,
0BN19021,97,2.928,,,,,,,,H2CO,,,,,,,,,,,,,,,H2CO,-44.4,-40.7,-24.9,-35.4,-13.5,-14.5,,,,,,,,,,,,,,
0BN19022,98,1.633,,,,,,,,H2CO,,,,,,,,,,,,,,,H2CO,-40.5,-36.2,-21.5,-46.0,-23.0,-23.2,,,,,,,,,,,,,,
0?N16011,99,2.195,,,,,,,,H2CO,,,,,,,,,,,,,,,H2CO,-24.6,-20.6,-5.7,-41.0,-17.4,-18.7,,,,,,,,,,,,,,
0BP11011,103,1.91,,,,,,,,H2CO,,,,,,,,,,,,,,,H2CO,-45.1,-41.7,-28.3,-27.2,-3.8,-4.9,,,,,,,,,,,,,,
0BP11012,104,1.91,,,,,,,,H2CO,,,,,,,,,,,,,,,H2CO,-44.4,-40.7,-25.6,-44.8,-22.0,-24.5,,,,,,,,,,,,,,
0BP13031,105,2.198,,,,,,,,H2CO,,,,,,,,,,,,,,,H2CO,-14.0,-12.0,-0.2,-42.8,-19.6,-20.5,,,,,,,,,,,,,,
0BP13032,106,2.069,,,,,,,,H2CO,,,,,,,,,,,,,,,H2CO,-13.4,-11.3,2.2,-17.1,4.2,0.1,,,,,,,,,,,,,,
0BP13033,107,2.014,,,,,,,,H2CO,,,,,,,,,,,,,,,H2CO,-3.8,-1.5,10.2,-15.3,6.2,3.7,,,,,,,,,,,,,,
0BP13041,108,2.176,,,,,,,,H2CO,,,,,,,,,,,,,,,H2CO,16.5,18.5,30.1,-8.2,13.5,9.2,,,,,,,,,,,,,,
0BP13051,109,2.958,,,,,,,,H2CO,,,,,,,,,,,,,,,H2CO,-14.9,-12.0,2.8,16.1,37.4,33.0,,,,,,,,,,,,,,
0BP18021,111,3.882,,,,,,,,H2CO,,,,,,,,,,,,,,,H2CO,-20.7,-18.0,0.1,-16.3,6.0,4.8,,,,,,,,,,,,,,
0BP18031,112,3.542,,,,,,,,H2CO,,,,,,,,,,,,,,,H2CO,-10.2,-9.4,7.8,-21.7,0.4,2.6,,,,,,,,,,,,,,
0BP17041,113,3.183,,,,,,,,H2CO,,,,,,,,,,,,,,,H2CO,-25.6,-22.5,-6.4,-10.5,9.8,11.0,,,,,,,,,,,,,,
0BN13031,114,2.807,,,,,,,,H2CO,,,,,,,,,,,,,,,H2CO,-42.0,-37.6,-21.4,-27.3,-4.8,-4.6,,,,,,,,,,,,,,
0BN17021,115,1.719,,,,,,,,H2CO,,,,,,,,,,,,,,,H2CO,-27.6,-24.0,-10.4,-46.8,-23.1,-22.9,,,,,,,,,,,,,,
0BN17031,120,4.637,,,,,,,,H2CO,,,,,,,,,,,,,,,H2CO,-11.6,-9.1,4.7,-31.1,-8.2,-10.5,,,,,,,,,,,,,,
0BP15041,122,3.262,,,,,,,,H2CO,,,,,,,,,,,,,,,H2CO,-6.4,-5.1,4.1,-12.4,9.5,7.3,,,,,,,,,,,,,,
0BP15042,123,3.257,,,,,,,,H2CO,,,,,,,,,,,,,,,H2CO,-6.4,-4.9,4.6,-4.8,15.9,9.1,,,,,,,,,,,,,,
0BP15043,124,3.255,,,,,,,,H2CO,,,,,,,,,,,,,,,H2CO,-5.0,-3.7,4.5,-5.3,15.5,9.1,,,,,,,,,,,,,,
0BP15044,125,3.052,,,,,,,,H2CO,,,,,,,,,,,,,,,H2CO,-7.4,-5.7,6.0,-4.1,16.6,8.7,,,,,,,,,,,,,,
0BP15045,126,3.267,,,,,,,,H2CO,,,,,,,,,,,,,,,H2CO,-7.1,-5.7,5.1,-5.4,15.7,11.4,,,,,,,,,,,,,,
0BP15046,127,3.238,,,,,,,,H2CO,,,,,,,,,,,,,,,H2CO,-7.3,-5.8,5.3,-6.3,14.5,9.3,,,,,,,,,,,,,,
0BN13011,129,3.056,,,,,,,,H2CO,,,,,,,,,,,,,,,H2CO,-20.7,-16.7,-0.9,-6.0,14.8,10.0,,,,,,,,,,,,,,
0BN13012,130,3.035,,,,,,,,H2CO,,,,,,,,,,,,,,,H2CO,-24.3,-20.6,-4.4,-23.9,-0.6,-0.7,,,,,,,,,,,,,,
0BP16071,131,2.081,,,,,,,,H2CO,,,,,,,,,,,,,,,H2CO,-20.1,-18.0,-8.7,-28.1,-5.0,-4.8,,,,,,,,,,,,,,
0BP16072,132,2.061,,,,,,,,H2CO,,,,,,,,,,,,,,,H2CO,-28.4,-26.8,-15.2,-23.0,-1.5,-8.2,,,,,,,,,,,,,,
0BP16073,133,1.989,,,,,,,,H2CO,,,,,,,,,,,,,,,H2CO,8.0,9.8,17.7,-32.1,-11.1,-15.5,,,,,,,,,,,,,,
0BN15031,134,1.62,,,,,,,,H2CO,,,,,,,,,,,,,,,H2CO,-29.1,-25.4,-10.9,8.2,29.3,21.2,,,,,,,,,,,,,,
0BN15032,135,1.642,,,,,,,,H2CO,,,,,,,,,,,,,,,H2CO,-28.7,-25.3,-11.3,-31.0,-7.9,-9.4,,,,,,,,,,,,,,
0BN15033,136,1.602,,,,,,,,H2CO,,,,,,,,,,,,,,,H2CO,-32.1,-28.1,-13.6,-31.6,-8.8,-10.8,,,,,,,,,,,,,,
0BN15034,137,1.601,,,,,,,,H2CO,,,,,,,,,,,,,,,H2CO,-32.2,-28.4,-14.5,-34.2,-10.8,-12.3,,,,,,,,,,,,,,
0BN15035,138,1.654,,,,,,,,H2CO,,,,,,,,,,,,,,,H2CO,0.3,1.9,11.7,-34.9,-11.7,-13.8,,,,,,,,,,,,,,
0BN15036,139,7.58,,,,,,,,H2CO,,,,,,,,,,,,,,,H2CO,-5.1,-3.7,5.5,0.6,21.6,15.4,,,,,,,,,,,,,,
0BP12021,140,7.449,,,,,,,,H2CO,,,,,,,,,,,,,,,H2CO,-4.6,-3.3,4.6,-2.9,17.9,11.1,,,,,,,,,,,,,,
0BN13021,141,3.606,,,,,,,,H2CO,,,,,,,,,,,,,,,H2CO,-0.1,2.3,17.0,-4.1,16.5,8.5,,,,,,,,,,,,,,
0BP14021,148,3.445,,,,,,,,H2CO,,,,,,,,,,,,,,,H2CO,-43.3,-39.6,-22.6,-0.6,21.2,19.9,,,,,,,,,,,,,,
0BP14022,149,2.09,,,,,,,,H2CO,,,,,,,,,,,,,,,H2CO,-30.3,-27.8,-15.7,-45.2,-22.2,-21.2,,,,,,,,,,,,,,
0BP14023,150,2.033,,,,,,,,H2CO,,,,,,,,,,,,,,,H2CO,33.5,34.2,49.5,-33.3,-11.5,-15.3,,,,,,,,,,,,,,
0BP14024,151,2.035,,,,,,,,H2CO,,,,,,,,,,,,,,,H2CO,-34.5,-31.7,-16.7,34.6,54.6,54.0,,,,,,,,,,,,,,
0BP13071,152,2.792,,,,,,,,H2CO,,,,,,,,,,,,,,,H2CO,-34.4,-31.9,-16.6,-35.5,-13.4,-14.3,,,,,,,,,,,,,,
0BP13072,153,3.646,,,,,,,,H2CO,,,,,,,,,,,,,,,H2CO,-28.0,-25.2,-11.0,-35.8,-14.0,-14.6,,,,,,,,,,,,,,
0BP07021,154,4.352,,,,,,,,H2CO,,,,,,,,,,,,,,,H2CO,-5.4,-4.6,6.4,-30.0,-7.8,-9.6,,,,,,,,,,,,,,
0BP07022,155,4.426,,,,,,,,H2CO,,,,,,,,,,,,,,,H2CO,-6.1,-4.7,4.9,-4.4,15.8,10.9,,,,,,,,,,,,,,
0BP07023,156,4.394,,,,,,,,H2CO,,,,,,,,,,,,,,,H2CO,-31.0,-28.1,-16.0,-5.0,15.7,9.4,,,,,,,,,,,,,,
0AP12011,157,3.342,,,,,,,,H2CO,,,,,,,,,,,,,,,H2CO,-20.8,-18.9,-6.5,-31.9,-9.6,-13.4,,,,,,,,,,,,,,
0BP06011,1,6.247,,,,,,,,H2O,,,,,,,,,,,,,,,,,,,,,,H2O,-17.9,-15.6,-3.6,-16.7,1.4,-0.5,,,,,,,
0BP07011,2,2.217,,,,,,,,H2O,,,,,,,,,,,,,,,,,,,,,,H2O,-16.6,-16.4,-5.4,-18.6,-2.5,-5.3,,,,,,,
0BN08011,3,3.518,,,,,,,,H2O,,,,,,,,,,,,,,,,,,,,,,H2O,-40.9,-38.2,-25.1,-41.7,-23.1,-23.9,,,,,,,
0BP08011,4,1.807,,,,,,,,H2O,,,,,,,,,,,,,,,,,,,,,,H2O,-38.9,-38.1,-24.6,-37.1,-20.3,-20.7,,,,,,,
0BP08012,5,1.79,,,,,,,,H2O,,,,,,,,,,,,,,,,,,,,,,H2O,-41.7,-41.0,-27.8,-39.6,-23.1,-23.7,,,,,,,
0BN03011,7,2.991,,,,,,,,H2O,,,,,,,,,,,,,,,,,,,,,,H2O,-23.7,-22.2,-9.4,-24.5,-7.5,-12.1,,,,,,,
0BN12011,8,1.758,,,,,,,,H2O,,,,,,,,,,,,,,,,,,,,,,H2O,-25.6,-23.7,-13.2,-22.0,-4.6,-5.6,,,,,,,
0BN17011,9,3.008,,,,,,,,H2O,,,,,,,,,,,,,,,,,,,,,,H2O,-38.1,-35.2,-22.9,-25.6,-7.8,-11.2,,,,,,,
0BN17012,10,2.978,,,,,,,,H2O,,,,,,,,,,,,,,,,,,,,,,H2O,-28.9,-26.0,-13.4,-38.5,-19.8,-21.3,,,,,,,
0BN17013,11,3.011,,,,,,,,H2O,,,,,,,,,,,,,,,,,,,,,,H2O,-38.9,-35.6,-23.6,-30.5,-11.6,-12.9,,,,,,,
0BN17014,12,2.912,,,,,,,,H2O,,,,,,,,,,,,,,,,,,,,,,H2O,-32.6,-29.3,-16.1,-42.6,-23.5,-25.3,,,,,,,
0BN17015,13,2.96,,,,,,,,H2O,,,,,,,,,,,,,,,,,,,,,,H2O,-37.9,-35.0,-23.2,-34.8,-15.6,-16.2,,,,,,,
0BN17016,14,1.725,,,,,,,,H2O,,,,,,,,,,,,,,,,,,,,,,H2O,-20.8,-18.8,-8.1,-40.0,-21.2,-23.2,,,,,,,
0BN17017,15,1.753,,,,,,,,H2O,,,,,,,,,,,,,,,,,,,,,,H2O,-29.1,-26.1,-15.4,-21.0,-3.1,-6.3,,,,,,,
0BP13011,16,3.462,,,,,,,,H2O,,,,,,,,,,,,,,,,,,,,,,H2O,-31.7,-30.8,-18.0,-30.2,-11.4,-14.6,,,,,,,
0BP12011,17,2.152,,,,,,,,H2O,,,,,,,,,,,,,,,,,,,,,,H2O,-21.5,-20.5,-11.7,-32.7,-15.9,-16.9,,,,,,,
0BP16011,18,2.173,,,,,,,,H2O,,,,,,,,,,,,,,,,,,,,,,H2O,-34.0,-33.1,-20.9,-22.0,-5.2,-10.2,,,,,,,
0BN10011,19,2.355,,,,,,,,H2O,,,,,,,,,,,,,,,,,,,,,,H2O,-39.6,-37.0,-23.1,-33.8,-17.0,-18.7,,,,,,,
0BP15031,20,3.463,,,,,,,,H2O,,,,,,,,,,,,,,,,,,,,,,H2O,-24.9,-24.2,-10.4,-38.0,-19.6,-19.5,,,,,,,
0BP15032,21,2.229,,,,,,,,H2O,,,,,,,,,,,,,,,,,,,,,,H2O,-17.6,-16.6,-5.9,-26.3,-9.6,-9.6,,,,,,,
0BP16031,22,2.049,,,,,,,,H2O,,,,,,,,,,,,,,,,,,,,,,H2O,0.7,2.1,11.9,-21.8,-4.9,-8.0,,,,,,,
0BP16032,23,2.008,,,,,,,,H2O,,,,,,,,,,,,,,,,,,,,,,H2O,-3.1,-2.2,8.2,2.5,19.8,15.8,,,,,,,
0BN16011,24,1.713,,,,,,,,H2O,,,,,,,,,,,,,,,,,,,,,,H2O,-16.0,-15.3,-7.0,-0.3,16.5,13.1,,,,,,,
0BN16012,25,1.728,,,,,,,,H2O,,,,,,,,,,,,,,,,,,,,,,H2O,-14.9,-14.9,-7.1,-16.5,0.1,-5.4,,,,,,,
0BP09011,26,2.082,,,,,,,,H2O,,,,,,,,,,,,,,,,,,,,,,H2O,-7.1,-7.0,-1.1,-15.0,0.9,-5.1,,,,,,,
0BP09012,27,2.171,,,,,,,,H2O,,,,,,,,,,,,,,,,,,,,,,H2O,-28.4,-27.6,-16.9,-9.3,6.8,-1.2,,,,,,,
0BP09013,28,2.104,,,,,,,,H2O,,,,,,,,,,,,,,,,,,,,,,H2O,-26.3,-26.0,-15.9,-28.8,-12.0,-15.3,,,,,,,
0BP09014,29,2.149,,,,,,,,H2O,,,,,,,,,,,,,,,,,,,,,,H2O,-21.3,-20.7,-10.6,-25.7,-9.5,-13.3,,,,,,,
0BP16021,30,2.121,,,,,,,,H2O,,,,,,,,,,,,,,,,,,,,,,H2O,-9.4,-9.2,0.2,-21.3,-4.9,-8.6,,,,,,,
0BP16022,31,2.142,,,,,,,,H2O,,,,,,,,,,,,,,,,,,,,,,H2O,-15.0,-14.4,-4.7,-10.3,5.7,1.4,,,,,,,
0BP16023,32,2.095,,,,,,,,H2O,,,,,,,,,,,,,,,,,,,,,,H2O,-14.7,-14.4,-4.9,-13.0,3.5,-0.7,,,,,,,
0BN11031,33,3.258,,,,,,,,H2O,,,,,,,,,,,,,,,,,,,,,,H2O,-32.3,-30.1,-19.7,-11.9,4.3,0.0,,,,,,,
0BN14011,34,3.508,,,,,,,,H2O,,,,,,,,,,,,,,,,,,,,,,H2O,-37.1,-34.8,-22.0,-32.4,-14.3,-17.8,,,,,,,
0BN14012,35,3.247,,,,,,,,H2O,,,,,,,,,,,,,,,,,,,,,,H2O,-39.2,-36.6,-24.1,-37.4,-19.1,-20.2,,,,,,,
0BN14013,36,3.25,,,,,,,,H2O,,,,,,,,,,,,,,,,,,,,,,H2O,-41.2,-38.4,-25.5,-40.3,-21.8,-23.1,,,,,,,
0BN14014,37,3.119,,,,,,,,H2O,,,,,,,,,,,,,,,,,,,,,,H2O,-34.2,-32.1,-18.1,-42.7,-24.0,-24.9,,,,,,,
0BN14015,38,3.778,,,,,,,,H2O,,,,,,,,,,,,,,,,,,,,,,H2O,-37.3,-34.6,-23.3,-34.6,-16.5,-16.4,,,,,,,
0BN14016,39,3.462,,,,,,,,H2O,,,,,,,,,,,,,,,,,,,,,,H2O,-31.9,-29.6,-17.8,-37.9,-19.3,-21.8,,,,,,,
0BN15021,40,3.344,,,,,,,,H2O,,,,,,,,,,,,,,,,,,,,,,H2O,-27.5,-25.3,-12.9,-31.4,-13.3,-15.3,,,,,,,
0PN12011,41,1.869,,,,,,,,H2O,,,,,,,,,,,,,,,,,,,,,,H2O,-25.6,-22.9,-11.0,-28.6,-10.5,-11.9,,,,,,,
0AN13011,42,3.435,,,,,,,,H2O,,,,,,,,,,,,,,,,,,,,,,H2O,-19.1,-17.2,-4.2,-5.0,13.6,11.7,,,,,,,
0BN18021,43,2.864,,,,,,,,H2O,,,,,,,,,,,,,,,,,,,,,,H2O,-28.6,-26.3,-15.1,-17.9,0.0,-0.9,,,,,,,
0BP14011,44,3.253,,,,,,,,H2O,,,,,,,,,,,,,,,,,,,,,,H2O,-8.0,-6.7,2.7,-29.1,-10.9,-13.6,,,,,,,
0BP13021,45,2.028,,,,,,,,H2O,,,,,,,,,,,,,,,,,,,,,,H2O,-8.2,-6.6,6.6,-6.7,10.5,6.1,,,,,,,
0BP13022,46,2.019,,,,,,,,H2O,,,,,,,,,,,,,,,,,,,,,,H2O,-6.9,-5.4,5.3,-5.1,12.3,11.7,,,,,,,
0BP17011,47,3.846,,,,,,,,H2O,,,,,,,,,,,,,,,,,,,,,,H2O,-8.9,-7.6,2.8,-4.0,13.4,10.3,,,,,,,
0BP20031,48,3.08,,,,,,,,H2O,,,,,,,,,,,,,,,,,,,,,,H2O,-4.7,-3.5,4.3,-8.4,8.8,5.3,,,,,,,
0BP20041,49,2.671,,,,,,,,H2O,,,,,,,,,,,,,,,,,,,,,,H2O,-18.1,-15.4,-1.9,-2.8,14.3,8.3,,,,,,,
0BP16051,50,2.082,,,,,,,,H2O,,,,,,,,,,,,,,,,,,,,,,H2O,-14.2,-13.3,-0.3,-15.5,3.2,2.8,,,,,,,
0BP19011,51,3.394,,,,,,,,H2O,,,,,,,,,,,,,,,,,,,,,,H2O,-15.8,-13.3,2.4,-11.9,4.8,4.0,,,,,,,
0BN18011,52,1.729,,,,,,,,H2O,,,,,,,,,,,,,,,,,,,,,,H2O,-24.3,-22.9,-12.8,-13.4,5.0,6.9,,,,,,,
0BN16021,53,3.539,,,,,,,,H2O,,,,,,,,,,,,,,,,,,,,,,H2O,-22.1,-20.7,-10.8,-24.4,-7.1,-10.9,,,,,,,
0BP17021,54,3.187,,,,,,,,H2O,,,,,,,,,,,,,,,,,,,,,,H2O,-17.6,-15.7,-7.6,-20.1,-2.8,-6.8,,,,,,,
0BN15011,55,3.32,,,,,,,,H2O,,,,,,,,,,,,,,,,,,,,,,H2O,-20.9,-18.9,-5.1,-16.8,1.0,-4.7,,,,,,,
0BN10021,56,2.55,,,,,,,,H2O,,,,,,,,,,,,,,,,,,,,,,H2O,-36.9,-34.1,-22.0,-21.3,-3.4,-3.5,,,,,,,
0BN19011,57,4.703,,,,,,,,H2O,,,,,,,,,,,,,,,,,,,,,,H2O,-48.6,-45.5,-33.3,-37.0,-18.3,-20.1,,,,,,,
0BP09021,58,1.756,,,,,,,,H2O,,,,,,,,,,,,,,,,,,,,,,H2O,-49.5,-49.0,-37.5,-48.9,-29.9,-31.5,,,,,,,
0BN09011,59,2.493,,,,,,,,H2O,,,,,,,,,,,,,,,,,,,,,,H2O,-24.7,-21.7,-8.3,-48.5,-32.2,-34.5,,,,,,,
0BN11021,60,3.056,,,,,,,,H2O,,,,,,,,,,,,,,,,,,,,,,H2O,-33.1,-30.5,-17.8,-24.4,-5.4,-5.9,,,,,,,
0BN11022,61,3.075,,,,,,,,H2O,,,,,,,,,,,,,,,,,,,,,,H2O,-33.3,-30.7,-17.7,-32.3,-13.8,-15.0,,,,,,,
0BP19021,62,2.563,,,,,,,,H2O,,,,,,,,,,,,,,,,,,,,,,H2O,-13.3,-10.0,-0.5,-31.6,-13.2,-14.0,,,,,,,
0BP18011,63,2.868,,,,,,,,H2O,,,,,,,,,,,,,,,,,,,,,,H2O,-32.5,-32.0,-18.9,-11.3,7.9,3.6,,,,,,,
0BP20051,64,2.08622,,,,,,,,H2O,,,,,,,,,,,,,,,,,,,,,,H2O,-3.8,-2.3,6.4,-32.4,-16.0,-16.8,,,,,,,
0BP20061,65,3.14856,,,,,,,,H2O,,,,,,,,,,,,,,,,,,,,,,H2O,-18.2,-16.4,-2.5,-1.3,16.0,10.9,,,,,,,
0BP20011,66,1.993,,,,,,,,H2O,,,,,,,,,,,,,,,,,,,,,,H2O,-8.4,-6.9,1.0,-15.9,1.7,1.8,,,,,,,
0AP20011,67,2.61169,,,,,,,,H2O,,,,,,,,,,,,,,,,,,,,,,H2O,-19.3,-19.4,-8.7,-7.4,10.0,4.0,,,,,,,
0?P15011,68,3.24,,,,,,,,H2O,,,,,,,,,,,,,,,,,,,,,,H2O,-22.1,-20.9,-7.2,-18.0,-2.1,-5.3,,,,,,,
0?P19011,69,3.359,,,,,,,,H2O,,,,,,,,,,,,,,,,,,,,,,H2O,-9.4,-7.9,0.9,-24.5,-7.5,-7.6,,,,,,,
0?P19012,70,3.435,,,,,,,,H2O,,,,,,,,,,,,,,,,,,,,,,H2O,-3.4,-2.2,4.7,-7.9,9.4,4.4,,,,,,,
0BP19031,71,2.955,,,,,,,,H2O,,,,,,,,,,,,,,,,,,,,,,H2O,-8.6,-7.0,4.0,-2.3,14.8,7.8,,,,,,,
0BP16061,72,2.938,,,,,,,,H2O,,,,,,,,,,,,,,,,,,,,,,H2O,-13.4,-12.0,-1.3,-7.2,10.3,7.4,,,,,,,
0BN11011,73,1.716,,,,,,,,H2O,,,,,,,,,,,,,,,,,,,,,,H2O,-24.3,-22.4,-13.2,-11.7,5.5,2.4,,,,,,,
0BN11012,74,1.704,,,,,,,,H2O,,,,,,,,,,,,,,,,,,,,,,H2O,-25.3,-22.9,-12.1,-24.8,-7.1,-11.7,,,,,,,
0BN11013,75,1.717,,,,,,,,H2O,,,,,,,,,,,,,,,,,,,,,,H2O,-19.6,-17.8,-6.5,-25.9,-7.6,-10.6,,,,,,,
0BN11014,76,1.781,,,,,,,,H2O,,,,,,,,,,,,,,,,,,,,,,H2O,-33.3,-31.1,-20.0,-18.4,-0.6,-3.2,,,,,,,
0BN11015,77,1.727,,,,,,,,H2O,,,,,,,,,,,,,,,,,,,,,,H2O,-27.2,-25.1,-13.9,-33.2,-15.2,-17.9,,,,,,,
0BP15011,78,5.195,,,,,,,,H2O,,,,,,,,,,,,,,,,,,,,,,H2O,-17.6,-15.6,-1.6,-27.0,-9.0,-11.7,,,,,,,
0BP15021,79,5.433,,,,,,,,H2O,,,,,,,,,,,,,,,,,,,,,,H2O,-19.0,-16.6,-3.4,-15.7,2.2,2.4,,,,,,,
0BP15022,80,4.0843,,,,,,,,H2O,,,,,,,,,,,,,,,,,,,,,,H2O,-26.9,-25.3,-12.7,-16.9,1.3,0.7,,,,,,,
0BP15023,81,4.386,,,,,,,,H2O,,,,,,,,,,,,,,,,,,,,,,H2O,-22.1,-20.6,-9.1,-24.9,-7.4,-8.7,,,,,,,
0BP19041,83,4.434,,,,,,,,H2O,,,,,,,,,,,,,,,,,,,,,,H2O,-21.8,-19.7,-8.1,-21.3,-3.9,-6.3,,,,,,,
0BP19051,84,2.238,,,,,,,,H2O,,,,,,,,,,,,,,,,,,,,,,H2O,-19.4,-18.1,-5.9,-20.2,-2.3,-4.5,,,,,,,
0BP19052,85,2.174,,,,,,,,H2O,,,,,,,,,,,,,,,,,,,,,,H2O,-19.8,-18.9,-7.5,-16.8,0.4,-1.3,,,,,,,
0BP16041,86,2.235,,,,,,,,H2O,,,,,,,,,,,,,,,,,,,,,,H2O,-23.7,-22.9,-11.2,-19.4,-2.6,-5.1,,,,,,,
0BP16042,87,2.237,,,,,,,,H2O,,,,,,,,,,,,,,,,,,,,,,H2O,-18.6,-17.7,-5.3,-22.8,-6.1,-8.3,,,,,,,
0AP19011,88,3.275,,,,,,,,H2O,,,,,,,,,,,,,,,,,,,,,,H2O,-18.0,-16.0,-4.2,-16.0,0.9,-0.6,,,,,,,
0AP19012,89,3.133,,,,,,,,H2O,,,,,,,,,,,,,,,,,,,,,,H2O,-23.4,-21.7,-10.4,-16.4,1.4,-0.6,,,,,,,
0AP16011,90,3.263,,,,,,,,H2O,,,,,,,,,,,,,,,,,,,,,,H2O,-21.1,-19.1,-6.2,-21.7,-4.1,-6.6,,,,,,,
0AP18011,91,3.215,,,,,,,,H2O,,,,,,,,,,,,,,,,,,,,,,H2O,-17.4,-15.3,-2.9,-19.0,-1.1,-2.1,,,,,,,
0BS18011,94,2.879,,,,,,,,H2O,,,,,,,,,,,,,,,,,,,,,,H2O,-14.5,-12.2,1.4,-15.6,2.4,0.9,,,,,,,
0BP17031,95,2.999,,,,,,,,H2O,,,,,,,,,,,,,,,,,,,,,,H2O,-15.2,-13.1,-1.6,-12.6,5.6,5.3,,,,,,,
0BP13061,96,2.808,,,,,,,,H2O,,,,,,,,,,,,,,,,,,,,,,H2O,-11.6,-10.6,3.4,-13.4,4.5,2.1,,,,,,,
0BN19021,97,2.928,,,,,,,,H2O,,,,,,,,,,,,,,,,,,,,,,H2O,-31.0,-28.5,-15.1,-10.1,6.8,6.9,,,,,,,
0BN19022,98,1.633,,,,,,,,H2O,,,,,,,,,,,,,,,,,,,,,,H2O,-29.5,-26.9,-14.8,-30.5,-12.2,-12.5,,,,,,,
0?N16011,99,2.195,,,,,,,,H2O,,,,,,,,,,,,,,,,,,,,,,H2O,-13.4,-10.7,1.7,-28.3,-9.8,-11.5,,,,,,,
0BP11011,103,1.91,,,,,,,,H2O,,,,,,,,,,,,,,,,,,,,,,H2O,-24.3,-22.6,-9.0,-14.6,4.0,2.5,,,,,,,
0BP11012,104,1.91,,,,,,,,H2O,,,,,,,,,,,,,,,,,,,,,,H2O,-23.6,-21.8,-8.1,-21.3,-3.7,-4.0,,,,,,,
0BP13031,105,2.198,,,,,,,,H2O,,,,,,,,,,,,,,,,,,,,,,H2O,6.2,7.0,17.5,-20.8,-3.1,-3.3,,,,,,,
0BP13032,106,2.069,,,,,,,,H2O,,,,,,,,,,,,,,,,,,,,,,H2O,6.2,7.4,18.6,8.0,24.7,21.4,,,,,,,
0BP13033,107,2.014,,,,,,,,H2O,,,,,,,,,,,,,,,,,,,,,,H2O,17.5,18.8,29.3,8.2,25.2,22.6,,,,,,,
0BP13041,108,2.176,,,,,,,,H2O,,,,,,,,,,,,,,,,,,,,,,H2O,7.6,9.4,20.8,18.9,36.1,32.8,,,,,,,
0BP13051,109,2.958,,,,,,,,H2O,,,,,,,,,,,,,,,,,,,,,,H2O,1.9,4.1,17.1,9.6,27.2,24.8,,,,,,,
0BP18021,111,3.882,,,,,,,,H2O,,,,,,,,,,,,,,,,,,,,,,H2O,-10.7,-8.6,5.8,3.7,21.8,21.0,,,,,,,
0BP18031,112,3.542,,,,,,,,H2O,,,,,,,,,,,,,,,,,,,,,,H2O,-23.5,-22.0,-9.0,-8.1,9.8,10.4,,,,,,,
0BP17041,113,3.183,,,,,,,,H2O,,,,,,,,,,,,,,,,,,,,,,H2O,-5.6,-3.4,10.8,-22.1,-4.8,-5.6,,,,,,,
0BN13031,114,2.807,,,,,,,,H2O,,,,,,,,,,,,,,,,,,,,,,H2O,-39.4,-36.6,-23.4,-3.6,14.4,14.8,,,,,,,
0BN17021,115,1.719,,,,,,,,H2O,,,,,,,,,,,,,,,,,,,,,,H2O,-16.8,-15.9,-4.7,-40.8,-22.0,-22.7,,,,,,,
0BN17031,120,4.637,,,,,,,,H2O,,,,,,,,,,,,,,,,,,,,,,H2O,-17.6,-15.0,-2.1,-15.3,1.5,-1.1,,,,,,,
0BP15041,122,3.262,,,,,,,,H2O,,,,,,,,,,,,,,,,,,,,,,H2O,-8.9,-7.5,0.6,-15.9,2.5,1.5,,,,,,,
0BP15042,123,3.257,,,,,,,,H2O,,,,,,,,,,,,,,,,,,,,,,H2O,-9.1,-7.5,1.3,-6.5,10.8,5.0,,,,,,,
0BP15043,124,3.255,,,,,,,,H2O,,,,,,,,,,,,,,,,,,,,,,H2O,-8.7,-7.0,1.7,-7.2,10.2,5.2,,,,,,,
0BP15044,125,3.052,,,,,,,,H2O,,,,,,,,,,,,,,,,,,,,,,H2O,-8.0,-6.7,7.1,-7.0,10.5,5.4,,,,,,,
0BP15045,126,3.267,,,,,,,,H2O,,,,,,,,,,,,,,,,,,,,,,H2O,-7.4,-6.2,5.9,-5.6,11.5,11.4,,,,,,,
0BP15046,127,3.238,,,,,,,,H2O,,,,,,,,,,,,,,,,,,,,,,H2O,-3.2,-2.1,10.0,-6.4,10.7,8.9,,,,,,,
0BN13011,129,3.056,,,,,,,,H2O,,,,,,,,,,,,,,,,,,,,,,H2O,-11.7,-10.6,2.9,-1.1,15.8,14.1,,,,,,,
0BN13012,130,3.035,,,,,,,,H2O,,,,,,,,,,,,,,,,,,,,,,H2O,-15.6,-14.3,-0.7,-11.3,5.6,5.2,,,,,,,
0BP16071,131,2.081,,,,,,,,H2O,,,,,,,,,,,,,,,,,,,,,,H2O,-9.9,-9.0,-0.4,-15.7,1.4,1.2,,,,,,,
0BP16072,132,2.061,,,,,,,,H2O,,,,,,,,,,,,,,,,,,,,,,H2O,-14.2,-13.6,-5.8,-7.5,9.2,4.0,,,,,,,
0BP16073,133,1.989,,,,,,,,H2O,,,,,,,,,,,,,,,,,,,,,,H2O,0.6,2.5,12.5,-12.2,4.3,-1.8,,,,,,,
0BN15031,134,1.62,,,,,,,,H2O,,,,,,,,,,,,,,,,,,,,,,H2O,-24.1,-22.2,-11.6,3.9,21.7,17.8,,,,,,,
0BN15032,135,1.642,,,,,,,,H2O,,,,,,,,,,,,,,,,,,,,,,H2O,-23.2,-21.5,-9.7,-23.5,-5.7,-9.0,,,,,,,
0BN15033,136,1.602,,,,,,,,H2O,,,,,,,,,,,,,,,,,,,,,,H2O,-26.9,-24.5,-13.4,-23.0,-5.4,-7.4,,,,,,,
0BN15034,137,1.601,,,,,,,,H2O,,,,,,,,,,,,,,,,,,,,,,H2O,-26.3,-23.7,-10.6,-26.3,-8.0,-10.8,,,,,,,
0BN15035,138,1.654,,,,,,,,H2O,,,,,,,,,,,,,,,,,,,,,,H2O,-12.9,-12.3,-2.7,-24.2,-5.7,-6.5,,,,,,,
0BN15036,139,7.58,,,,,,,,H2O,,,,,,,,,,,,,,,,,,,,,,H2O,-8.7,-7.0,2.1,-12.3,4.2,-0.1,,,,,,,
0BP12021,140,7.449,,,,,,,,H2O,,,,,,,,,,,,,,,,,,,,,,H2O,-6.9,-5.5,1.8,-7.3,10.3,5.5,,,,,,,
0BN13021,141,3.606,,,,,,,,H2O,,,,,,,,,,,,,,,,,,,,,,H2O,-10.7,-8.0,6.3,-5.4,11.9,5.4,,,,,,,
0BP14021,148,3.445,,,,,,,,H2O,,,,,,,,,,,,,,,,,,,,,,H2O,-19.7,-17.3,-3.7,-8.9,9.6,10.1,,,,,,,
0BP14022,149,2.09,,,,,,,,H2O,,,,,,,,,,,,,,,,,,,,,,H2O,-21.2,-20.5,-9.5,-17.6,0.7,0.4,,,,,,,
0BP14023,150,2.033,,,,,,,,H2O,,,,,,,,,,,,,,,,,,,,,,H2O,-10.0,-8.8,5.2,-20.6,-4.0,-6.9,,,,,,,
0BP14024,151,2.035,,,,,,,,H2O,,,,,,,,,,,,,,,,,,,,,,H2O,-0.9,0.2,12.1,-8.8,8.3,8.4,,,,,,,
0BP13071,152,2.792,,,,,,,,H2O,,,,,,,,,,,,,,,,,,,,,,H2O,-18.3,-16.2,-2.7,1.9,18.9,16.9,,,,,,,
0BP13072,153,3.646,,,,,,,,H2O,,,,,,,,,,,,,,,,,,,,,,H2O,-13.1,-10.8,-0.2,-16.1,1.9,1.6,,,,,,,
0BP07021,154,4.352,,,,,,,,H2O,,,,,,,,,,,,,,,,,,,,,,H2O,-8.2,-6.4,3.3,-11.3,6.9,3.5,,,,,,,
0BP07022,155,4.426,,,,,,,,H2O,,,,,,,,,,,,,,,,,,,,,,H2O,-8.4,-6.8,2.2,-4.2,13.5,9.3,,,,,,,
0BP07023,156,4.394,,,,,,,,H2O,,,,,,,,,,,,,,,,,,,,,,H2O,-10.0,-8.5,1.4,-4.6,12.8,8.0,,,,,,,
0AP12011,157,3.342,,,,,,,,H2O,,,,,,,,,,,,,,,,,,,,,,H2O,-22.2,-20.4,-8.0,-7.7,9.7,5.8,,,,,,,
0BP06011,1,6.247,,,,,,,,HCOOH,,,,,,,,,,,,,,,,,,,,,,,,,,,,,HCOOH,-12.5,-10.8,4.1,-14.3,-12.6,2.3
0BP07011,2,2.217,,,,,,,,HCOOH,,,,,,,,,,,,,,,,,,,,,,,,,,,,,HCOOH,-27.3,-27.1,-16.8,-27.5,-27.3,-17.0
0BN08011,3,3.518,,,,,,,,HCOOH,,,,,,,,,,,,,,,,,,,,,,,,,,,,,HCOOH,-48.8,-45.9,-31.6,-48.1,-45.3,-30.9
0BP08011,4,1.807,,,,,,,,HCOOH,,,,,,,,,,,,,,,,,,,,,,,,,,,,,HCOOH,-39.4,-38.7,-23.1,-36.3,-35.5,-20.0
0BP08012,5,1.79,,,,,,,,HCOOH,,,,,,,,,,,,,,,,,,,,,,,,,,,,,HCOOH,-42.3,-41.8,-25.9,-39.1,-38.7,-22.8
0BN03011,7,2.991,,,,,,,,HCOOH,,,,,,,,,,,,,,,,,,,,,,,,,,,,,HCOOH,-22.3,-21.0,-5.6,-31.3,-30.6,-17.8
0BN12011,8,1.758,,,,,,,,HCOOH,,,,,,,,,,,,,,,,,,,,,,,,,,,,,HCOOH,-22.7,-21.1,-9.7,-19.9,-18.6,-3.2
0BN17011,9,3.008,,,,,,,,HCOOH,,,,,,,,,,,,,,,,,,,,,,,,,,,,,HCOOH,-31.1,-28.5,-13.6,-20.6,-19.0,-7.5
0BN17012,10,2.978,,,,,,,,HCOOH,,,,,,,,,,,,,,,,,,,,,,,,,,,,,HCOOH,-36.0,-32.0,-17.4,-30.0,-27.4,-12.4
0BN17013,11,3.011,,,,,,,,HCOOH,,,,,,,,,,,,,,,,,,,,,,,,,,,,,HCOOH,-43.9,-41.0,-27.9,-36.0,-32.1,-17.4
0BN17014,12,2.912,,,,,,,,HCOOH,,,,,,,,,,,,,,,,,,,,,,,,,,,,,HCOOH,-32.1,-28.4,-12.9,-45.3,-42.4,-29.3
0BN17015,13,2.96,,,,,,,,HCOOH,,,,,,,,,,,,,,,,,,,,,,,,,,,,,HCOOH,-41.3,-38.7,-25.6,-32.4,-28.8,-13.3
0BN17016,14,1.725,,,,,,,,HCOOH,,,,,,,,,,,,,,,,,,,,,,,,,,,,,HCOOH,-27.9,-25.3,-12.7,-41.4,-38.8,-25.7
0BN17017,15,1.753,,,,,,,,HCOOH,,,,,,,,,,,,,,,,,,,,,,,,,,,,,HCOOH,-30.9,-28.3,-16.5,-26.8,-24.2,-11.5
0BP13011,16,3.462,,,,,,,,HCOOH,,,,,,,,,,,,,,,,,,,,,,,,,,,,,HCOOH,-40.4,-39.7,-25.5,-30.3,-27.7,-15.8
0BP12011,17,2.152,,,,,,,,HCOOH,,,,,,,,,,,,,,,,,,,,,,,,,,,,,HCOOH,-29.6,-29.3,-17.9,-39.6,-38.9,-24.6
0BP16011,18,2.173,,,,,,,,HCOOH,,,,,,,,,,,,,,,,,,,,,,,,,,,,,HCOOH,-37.8,-37.3,-22.6,-28.7,-28.3,-17.0
0BN10011,19,2.355,,,,,,,,HCOOH,,,,,,,,,,,,,,,,,,,,,,,,,,,,,HCOOH,-43.5,-41.4,-26.0,-35.9,-35.4,-20.6
0BP15031,20,3.463,,,,,,,,HCOOH,,,,,,,,,,,,,,,,,,,,,,,,,,,,,HCOOH,-21.0,-20.4,-2.4,-40.4,-38.4,-23.0
0BP15032,21,2.229,,,,,,,,HCOOH,,,,,,,,,,,,,,,,,,,,,,,,,,,,,HCOOH,-28.5,-27.6,-15.0,-18.1,-17.5,0.5
0BP16031,22,2.049,,,,,,,,HCOOH,,,,,,,,,,,,,,,,,,,,,,,,,,,,,HCOOH,-5.5,-5.2,3.8,-30.5,-29.6,-17.0
0BP16032,23,2.008,,,,,,,,HCOOH,,,,,,,,,,,,,,,,,,,,,,,,,,,,,HCOOH,-13.3,-11.7,-0.5,-6.5,-6.3,2.8
0BN16011,24,1.713,,,,,,,,HCOOH,,,,,,,,,,,,,,,,,,,,,,,,,,,,,HCOOH,-16.6,-15.5,-5.3,-9.5,-8.0,3.2
0BN16012,25,1.728,,,,,,,,HCOOH,,,,,,,,,,,,,,,,,,,,,,,,,,,,,HCOOH,-24.2,-23.4,-12.9,-18.3,-17.1,-6.9
0BP09011,26,2.082,,,,,,,,HCOOH,,,,,,,,,,,,,,,,,,,,,,,,,,,,,HCOOH,-3.1,-2.7,8.1,-23.0,-22.1,-11.6
0BP09012,27,2.171,,,,,,,,HCOOH,,,,,,,,,,,,,,,,,,,,,,,,,,,,,HCOOH,-27.5,-27.1,-14.4,0.2,0.6,11.4
0BP09013,28,2.104,,,,,,,,HCOOH,,,,,,,,,,,,,,,,,,,,,,,,,,,,,HCOOH,-33.6,-33.2,-20.6,-26.9,-26.5,-13.9
0BP09014,29,2.149,,,,,,,,HCOOH,,,,,,,,,,,,,,,,,,,,,,,,,,,,,HCOOH,-26.6,-26.1,-13.3,-32.4,-31.9,-19.3
0BP16021,30,2.121,,,,,,,,HCOOH,,,,,,,,,,,,,,,,,,,,,,,,,,,,,HCOOH,-4.3,-4.1,3.3,-25.9,-25.3,-12.5
0BP16022,31,2.142,,,,,,,,HCOOH,,,,,,,,,,,,,,,,,,,,,,,,,,,,,HCOOH,-23.5,-23.9,-13.2,-2.2,-2.0,5.4
0BP16023,32,2.095,,,,,,,,HCOOH,,,,,,,,,,,,,,,,,,,,,,,,,,,,,HCOOH,-9.1,-8.8,2.9,-24.2,-24.5,-13.9
0BN11031,33,3.258,,,,,,,,HCOOH,,,,,,,,,,,,,,,,,,,,,,,,,,,,,HCOOH,-37.9,-35.5,-22.5,-5.6,-5.3,6.5
0BN14011,34,3.508,,,,,,,,HCOOH,,,,,,,,,,,,,,,,,,,,,,,,,,,,,HCOOH,-43.2,-40.4,-27.2,-36.3,-33.8,-20.9
0BN14012,35,3.247,,,,,,,,HCOOH,,,,,,,,,,,,,,,,,,,,,,,,,,,,,HCOOH,-46.3,-43.7,-30.8,-42.5,-39.8,-26.6
0BN14013,36,3.25,,,,,,,,HCOOH,,,,,,,,,,,,,,,,,,,,,,,,,,,,,HCOOH,-48.5,-45.7,-32.3,-45.9,-43.3,-30.4
0BN14014,37,3.119,,,,,,,,HCOOH,,,,,,,,,,,,,,,,,,,,,,,,,,,,,HCOOH,-39.9,-37.4,-22.6,-48.4,-45.7,-32.2
0BN14015,38,3.778,,,,,,,,HCOOH,,,,,,,,,,,,,,,,,,,,,,,,,,,,,HCOOH,-46.6,-43.9,-28.9,-38.8,-36.3,-21.5
0BN14016,39,3.462,,,,,,,,HCOOH,,,,,,,,,,,,,,,,,,,,,,,,,,,,,HCOOH,-36.1,-33.7,-21.2,-45.7,-42.9,-28.0
0BN15021,40,3.344,,,,,,,,HCOOH,,,,,,,,,,,,,,,,,,,,,,,,,,,,,HCOOH,-11.6,-10.0,2.9,-34.9,-32.5,-20.0
0PN12011,41,1.869,,,,,,,,HCOOH,,,,,,,,,,,,,,,,,,,,,,,,,,,,,HCOOH,-26.5,-24.4,-11.4,-9.9,-8.3,4.6
0AN13011,42,3.435,,,,,,,,HCOOH,,,,,,,,,,,,,,,,,,,,,,,,,,,,,HCOOH,-18.4,-17.2,-2.5,-23.3,-21.2,-8.2
0BN18021,43,2.864,,,,,,,,HCOOH,,,,,,,,,,,,,,,,,,,,,,,,,,,,,HCOOH,-10.7,-9.4,1.6,-15.8,-14.6,0.1
0BP14011,44,3.253,,,,,,,,HCOOH,,,,,,,,,,,,,,,,,,,,,,,,,,,,,HCOOH,-12.7,-12.8,1.0,-8.1,-6.8,4.2
0BP13021,45,2.028,,,,,,,,HCOOH,,,,,,,,,,,,,,,,,,,,,,,,,,,,,HCOOH,-18.4,-18.0,-3.9,-13.2,-13.3,0.5
0BP13022,46,2.019,,,,,,,,HCOOH,,,,,,,,,,,,,,,,,,,,,,,,,,,,,HCOOH,-17.2,-16.7,-3.4,-17.2,-16.8,-2.6
0BP17011,47,3.846,,,,,,,,HCOOH,,,,,,,,,,,,,,,,,,,,,,,,,,,,,HCOOH,-16.2,-14.7,-1.5,-15.5,-15.1,-1.7
0BP20031,48,3.08,,,,,,,,HCOOH,,,,,,,,,,,,,,,,,,,,,,,,,,,,,HCOOH,-11.6,-10.3,-1.6,-14.4,-12.9,0.4
0BP20041,49,2.671,,,,,,,,HCOOH,,,,,,,,,,,,,,,,,,,,,,,,,,,,,HCOOH,-10.6,-8.7,5.3,-7.7,-6.5,2.2
0BP16051,50,2.082,,,,,,,,HCOOH,,,,,,,,,,,,,,,,,,,,,,,,,,,,,HCOOH,-9.3,-9.7,2.9,-7.5,-5.5,8.5
0BP19011,51,3.394,,,,,,,,HCOOH,,,,,,,,,,,,,,,,,,,,,,,,,,,,,HCOOH,-36.1,-34.3,-16.8,-7.5,-8.0,4.6
0BN18011,52,1.729,,,,,,,,HCOOH,,,,,,,,,,,,,,,,,,,,,,,,,,,,,HCOOH,10.8,11.5,22.3,-34.4,-32.6,-15.1
0BN16021,53,3.539,,,,,,,,HCOOH,,,,,,,,,,,,,,,,,,,,,,,,,,,,,HCOOH,-9.3,-7.7,3.8,8.6,9.2,20.0
0BP17021,54,3.187,,,,,,,,HCOOH,,,,,,,,,,,,,,,,,,,,,,,,,,,,,HCOOH,-30.8,-29.7,-20.6,-4.7,-3.2,8.3
0BN15011,55,3.32,,,,,,,,HCOOH,,,,,,,,,,,,,,,,,,,,,,,,,,,,,HCOOH,-32.5,-29.7,-14.9,-33.4,-32.3,-23.2
0BN10021,56,2.55,,,,,,,,HCOOH,,,,,,,,,,,,,,,,,,,,,,,,,,,,,HCOOH,-44.2,-41.2,-27.4,-31.8,-29.0,-14.3
0BN19011,57,4.703,,,,,,,,HCOOH,,,,,,,,,,,,,,,,,,,,,,,,,,,,,HCOOH,-41.0,-38.9,-25.0,-43.4,-40.4,-26.6
0BP09021,58,1.756,,,,,,,,HCOOH,,,,,,,,,,,,,,,,,,,,,,,,,,,,,HCOOH,-57.0,-56.5,-41.0,-38.9,-36.8,-22.9
0BN09011,59,2.493,,,,,,,,HCOOH,,,,,,,,,,,,,,,,,,,,,,,,,,,,,HCOOH,-35.0,-32.2,-16.7,-53.7,-53.1,-37.6
0BN11021,60,3.056,,,,,,,,HCOOH,,,,,,,,,,,,,,,,,,,,,,,,,,,,,HCOOH,-40.3,-38.0,-24.6,-33.1,-30.3,-14.8
0BN11022,61,3.075,,,,,,,,HCOOH,,,,,,,,,,,,,,,,,,,,,,,,,,,,,HCOOH,-50.6,-48.1,-33.1,-38.3,-36.1,-22.6
0BP19021,62,2.563,,,,,,,,HCOOH,,,,,,,,,,,,,,,,,,,,,,,,,,,,,HCOOH,-37.3,-35.6,-23.6,-46.0,-43.5,-28.6
0BP18011,63,2.868,,,,,,,,HCOOH,,,,,,,,,,,,,,,,,,,,,,,,,,,,,HCOOH,-37.8,-37.2,-23.9,-35.4,-33.7,-21.8
0BP20051,64,2.08622,,,,,,,,HCOOH,,,,,,,,,,,,,,,,,,,,,,,,,,,,,HCOOH,-27.8,-27.5,-16.8,-36.3,-35.8,-22.4
0BP20061,65,3.14856,,,,,,,,HCOOH,,,,,,,,,,,,,,,,,,,,,,,,,,,,,HCOOH,-38.2,-36.9,-21.4,-26.9,-26.7,-16.0
0BP20011,66,1.993,,,,,,,,HCOOH,,,,,,,,,,,,,,,,,,,,,,,,,,,,,HCOOH,-37.0,-39.7,-32.1,-36.2,-34.9,-19.4
0AP20011,67,2.61169,,,,,,,,HCOOH,,,,,,,,,,,,,,,,,,,,,,,,,,,,,HCOOH,-37.1,-37.3,-26.3,-13.7,-16.3,-8.8
0?P15011,68,3.24,,,,,,,,HCOOH,,,,,,,,,,,,,,,,,,,,,,,,,,,,,HCOOH,-19.2,-18.7,-3.6,-36.4,-36.6,-25.5
0?P19011,69,3.359,,,,,,,,HCOOH,,,,,,,,,,,,,,,,,,,,,,,,,,,,,HCOOH,-8.2,-6.9,2.5,-21.0,-20.5,-5.4
0?P19012,70,3.435,,,,,,,,HCOOH,,,,,,,,,,,,,,,,,,,,,,,,,,,,,HCOOH,-7.5,-6.1,2.9,-14.2,-12.9,-3.5
0BP19031,71,2.955,,,,,,,,HCOOH,,,,,,,,,,,,,,,,,,,,,,,,,,,,,HCOOH,-32.4,-32.1,-19.7,-11.9,-10.5,-1.5
0BP16061,72,2.938,,,,,,,,HCOOH,,,,,,,,,,,,,,,,,,,,,,,,,,,,,HCOOH,-35.7,-35.4,-23.2,-33.0,-32.7,-20.3
0BN11011,73,1.716,,,,,,,,HCOOH,,,,,,,,,,,,,,,,,,,,,,,,,,,,,HCOOH,-6.7,-7.1,2.2,-37.2,-36.9,-24.7
0BN11012,74,1.704,,,,,,,,HCOOH,,,,,,,,,,,,,,,,,,,,,,,,,,,,,HCOOH,-30.3,-28.3,-14.5,-3.1,-3.6,5.7
0BN11013,75,1.717,,,,,,,,HCOOH,,,,,,,,,,,,,,,,,,,,,,,,,,,,,HCOOH,-16.8,-15.1,-2.1,-29.2,-27.2,-13.5
0BN11014,76,1.781,,,,,,,,HCOOH,,,,,,,,,,,,,,,,,,,,,,,,,,,,,HCOOH,-34.1,-31.8,-18.0,-14.3,-12.5,0.5
0BN11015,77,1.727,,,,,,,,HCOOH,,,,,,,,,,,,,,,,,,,,,,,,,,,,,HCOOH,-28.7,-26.9,-16.3,-32.1,-29.8,-16.0
0BP15011,78,5.195,,,,,,,,HCOOH,,,,,,,,,,,,,,,,,,,,,,,,,,,,,HCOOH,-35.5,-34.6,-18.6,-28.7,-26.9,-16.4
0BP15021,79,5.433,,,,,,,,HCOOH,,,,,,,,,,,,,,,,,,,,,,,,,,,,,HCOOH,-30.3,-30.0,-14.2,-35.9,-34.9,-19.0
0BP15022,80,4.0843,,,,,,,,HCOOH,,,,,,,,,,,,,,,,,,,,,,,,,,,,,HCOOH,-27.9,-28.8,-13.4,-30.8,-30.5,-14.7
0BP15023,81,4.386,,,,,,,,HCOOH,,,,,,,,,,,,,,,,,,,,,,,,,,,,,HCOOH,-11.2,-9.9,3.5,-27.4,-28.3,-12.9
0BP19041,83,4.434,,,,,,,,HCOOH,,,,,,,,,,,,,,,,,,,,,,,,,,,,,HCOOH,-15.2,-14.7,0.3,-13.5,-12.2,1.2
0BP19051,84,2.238,,,,,,,,HCOOH,,,,,,,,,,,,,,,,,,,,,,,,,,,,,HCOOH,-12.1,-10.3,1.4,-13.2,-12.7,2.3
0BP19052,85,2.174,,,,,,,,HCOOH,,,,,,,,,,,,,,,,,,,,,,,,,,,,,HCOOH,-24.6,-23.9,-12.2,-9.0,-7.2,4.5
0BP16041,86,2.235,,,,,,,,HCOOH,,,,,,,,,,,,,,,,,,,,,,,,,,,,,HCOOH,-24.7,-24.3,-12.7,-23.7,-23.0,-11.4
0BP16042,87,2.237,,,,,,,,HCOOH,,,,,,,,,,,,,,,,,,,,,,,,,,,,,HCOOH,-30.7,-30.5,-17.4,-23.8,-23.4,-11.8
0AP19011,88,3.275,,,,,,,,HCOOH,,,,,,,,,,,,,,,,,,,,,,,,,,,,,HCOOH,-27.3,-26.1,-13.2,-29.8,-29.5,-16.5
0AP19012,89,3.133,,,,,,,,HCOOH,,,,,,,,,,,,,,,,,,,,,,,,,,,,,HCOOH,-42.7,-42.0,-30.8,-24.8,-23.5,-10.7
0AP16011,90,3.263,,,,,,,,HCOOH,,,,,,,,,,,,,,,,,,,,,,,,,,,,,HCOOH,-27.1,-26.2,-12.6,-41.3,-40.7,-29.5
0AP18011,91,3.215,,,,,,,,HCOOH,,,,,,,,,,,,,,,,,,,,,,,,,,,,,HCOOH,-17.1,-15.6,-0.7,-27.1,-26.2,-12.6
0BS18011,94,2.879,,,,,,,,HCOOH,,,,,,,,,,,,,,,,,,,,,,,,,,,,,HCOOH,-17.5,-16.1,-2.2,-14.4,-13.0,1.9
0BP17031,95,2.999,,,,,,,,HCOOH,,,,,,,,,,,,,,,,,,,,,,,,,,,,,HCOOH,-11.5,-9.8,3.7,-15.4,-14.0,-0.1
0BP13061,96,2.808,,,,,,,,HCOOH,,,,,,,,,,,,,,,,,,,,,,,,,,,,,HCOOH,-19.7,-18.4,-3.1,-9.1,-7.4,6.2
0BN19021,97,2.928,,,,,,,,HCOOH,,,,,,,,,,,,,,,,,,,,,,,,,,,,,HCOOH,-44.4,-42.0,-27.3,-16.8,-15.5,-0.2
0BN19022,98,1.633,,,,,,,,HCOOH,,,,,,,,,,,,,,,,,,,,,,,,,,,,,HCOOH,-33.1,-30.1,-15.7,-41.8,-39.4,-24.6
0?N16011,99,2.195,,,,,,,,HCOOH,,,,,,,,,,,,,,,,,,,,,,,,,,,,,HCOOH,-16.8,-16.2,-4.4,-31.1,-28.1,-13.7
0BP11011,103,1.91,,,,,,,,HCOOH,,,,,,,,,,,,,,,,,,,,,,,,,,,,,HCOOH,-27.3,-26.8,-15.1,-12.7,-12.2,-0.3
0BP11012,104,1.91,,,,,,,,HCOOH,,,,,,,,,,,,,,,,,,,,,,,,,,,,,HCOOH,-26.9,-26.4,-14.2,-25.4,-25.0,-13.2
0BP13031,105,2.198,,,,,,,,HCOOH,,,,,,,,,,,,,,,,,,,,,,,,,,,,,HCOOH,6.9,6.7,18.1,-25.0,-24.5,-12.3
0BP13032,106,2.069,,,,,,,,HCOOH,,,,,,,,,,,,,,,,,,,,,,,,,,,,,HCOOH,7.1,6.9,19.2,6.6,6.4,17.8
0BP13033,107,2.014,,,,,,,,HCOOH,,,,,,,,,,,,,,,,,,,,,,,,,,,,,HCOOH,4.9,5.0,15.9,7.7,7.5,19.8
0BP13041,108,2.176,,,,,,,,HCOOH,,,,,,,,,,,,,,,,,,,,,,,,,,,,,HCOOH,16.1,17.5,29.4,4.8,4.9,15.7
0BP13051,109,2.958,,,,,,,,HCOOH,,,,,,,,,,,,,,,,,,,,,,,,,,,,,HCOOH,8.4,9.2,23.2,18.8,20.2,32.1
0BP18021,111,3.882,,,,,,,,HCOOH,,,,,,,,,,,,,,,,,,,,,,,,,,,,,HCOOH,-8.0,-6.4,10.1,8.6,9.4,23.4
0BP18031,112,3.542,,,,,,,,HCOOH,,,,,,,,,,,,,,,,,,,,,,,,,,,,,HCOOH,-32.5,-31.9,-18.1,-4.4,-2.9,13.6
0BP17041,113,3.183,,,,,,,,HCOOH,,,,,,,,,,,,,,,,,,,,,,,,,,,,,HCOOH,-13.8,-12.8,-0.3,-31.6,-31.1,-17.3
0BN13031,114,2.807,,,,,,,,HCOOH,,,,,,,,,,,,,,,,,,,,,,,,,,,,,HCOOH,-44.8,-41.9,-28.0,-10.4,-9.5,3.0
0BN17021,115,1.719,,,,,,,,HCOOH,,,,,,,,,,,,,,,,,,,,,,,,,,,,,HCOOH,-31.7,-29.2,-16.6,-45.4,-42.5,-28.6
0BN17031,120,4.637,,,,,,,,HCOOH,,,,,,,,,,,,,,,,,,,,,,,,,,,,,HCOOH,-16.0,-13.9,0.5,-30.4,-27.9,-15.3
0BP15041,122,3.262,,,,,,,,HCOOH,,,,,,,,,,,,,,,,,,,,,,,,,,,,,HCOOH,-14.7,-13.5,-4.7,-13.6,-11.4,3.0
0BP15042,123,3.257,,,,,,,,HCOOH,,,,,,,,,,,,,,,,,,,,,,,,,,,,,HCOOH,-15.7,-14.2,-3.9,-11.4,-10.3,-1.5
0BP15043,124,3.255,,,,,,,,HCOOH,,,,,,,,,,,,,,,,,,,,,,,,,,,,,HCOOH,-16.2,-14.8,-4.2,-12.6,-11.1,-0.8
0BP15044,125,3.052,,,,,,,,HCOOH,,,,,,,,,,,,,,,,,,,,,,,,,,,,,HCOOH,-16.8,-15.4,-3.2,-12.5,-11.1,-0.5
0BP15045,126,3.267,,,,,,,,HCOOH,,,,,,,,,,,,,,,,,,,,,,,,,,,,,HCOOH,-17.0,-15.8,-3.9,-13.1,-11.7,0.5
0BP15046,127,3.238,,,,,,,,HCOOH,,,,,,,,,,,,,,,,,,,,,,,,,,,,,HCOOH,-16.3,-15.1,-4.1,-14.2,-12.9,-1.1
0BN13011,129,3.056,,,,,,,,HCOOH,,,,,,,,,,,,,,,,,,,,,,,,,,,,,HCOOH,-16.1,-13.5,2.9,-13.4,-12.2,-1.2
0BN13012,130,3.035,,,,,,,,HCOOH,,,,,,,,,,,,,,,,,,,,,,,,,,,,,HCOOH,-19.2,-16.7,-1.3,-15.3,-12.7,3.7
0BP16071,131,2.081,,,,,,,,HCOOH,,,,,,,,,,,,,,,,,,,,,,,,,,,,,HCOOH,-19.5,-19.4,-9.1,-18.8,-16.3,-0.9
0BP16072,132,2.061,,,,,,,,HCOOH,,,,,,,,,,,,,,,,,,,,,,,,,,,,,HCOOH,-20.2,-20.4,-10.1,-19.2,-19.1,-8.8
0BP16073,133,1.989,,,,,,,,HCOOH,,,,,,,,,,,,,,,,,,,,,,,,,,,,,HCOOH,-5.8,-4.7,7.4,-21.3,-21.4,-11.1
0BN15031,134,1.62,,,,,,,,HCOOH,,,,,,,,,,,,,,,,,,,,,,,,,,,,,HCOOH,-32.7,-30.9,-17.8,-2.0,-0.9,11.2
0BN15032,135,1.642,,,,,,,,HCOOH,,,,,,,,,,,,,,,,,,,,,,,,,,,,,HCOOH,-26.6,-24.8,-11.5,-30.5,-28.7,-15.6
0BN15033,136,1.602,,,,,,,,HCOOH,,,,,,,,,,,,,,,,,,,,,,,,,,,,,HCOOH,-36.0,-33.9,-19.7,-24.9,-23.1,-9.9
0BN15034,137,1.601,,,,,,,,HCOOH,,,,,,,,,,,,,,,,,,,,,,,,,,,,,HCOOH,-36.3,-34.2,-20.3,-32.9,-30.8,-16.6
0BN15035,138,1.654,,,,,,,,HCOOH,,,,,,,,,,,,,,,,,,,,,,,,,,,,,HCOOH,-20.9,-20.1,-10.6,-33.1,-31.0,-17.1
0BN15036,139,7.58,,,,,,,,HCOOH,,,,,,,,,,,,,,,,,,,,,,,,,,,,,HCOOH,-17.3,-15.9,-4.5,-20.7,-19.9,-10.4
0BP12021,140,7.449,,,,,,,,HCOOH,,,,,,,,,,,,,,,,,,,,,,,,,,,,,HCOOH,-14.5,-13.3,-5.0,-14.6,-13.1,-1.8
0BN13021,141,3.606,,,,,,,,HCOOH,,,,,,,,,,,,,,,,,,,,,,,,,,,,,HCOOH,-2.7,-1.0,13.8,-11.7,-10.4,-2.1
0BP14021,148,3.445,,,,,,,,HCOOH,,,,,,,,,,,,,,,,,,,,,,,,,,,,,HCOOH,-19.8,-18.1,-3.5,-6.2,-4.5,10.2
0BP14022,149,2.09,,,,,,,,HCOOH,,,,,,,,,,,,,,,,,,,,,,,,,,,,,HCOOH,-2.1,-2.3,8.8,-17.3,-15.6,-1.0
0BP14023,150,2.033,,,,,,,,HCOOH,,,,,,,,,,,,,,,,,,,,,,,,,,,,,HCOOH,-12.8,-12.3,1.7,0.4,0.1,11.2
0BP14024,151,2.035,,,,,,,,HCOOH,,,,,,,,,,,,,,,,,,,,,,,,,,,,,HCOOH,-15.8,-15.5,-2.9,-10.9,-10.5,3.5
0BP13071,152,2.792,,,,,,,,HCOOH,,,,,,,,,,,,,,,,,,,,,,,,,,,,,HCOOH,-13.8,-12.3,0.6,-14.6,-14.2,-1.6
0BP13072,153,3.646,,,,,,,,HCOOH,,,,,,,,,,,,,,,,,,,,,,,,,,,,,HCOOH,-9.5,-7.7,4.6,-10.1,-8.6,4.3
0BP07021,154,4.352,,,,,,,,HCOOH,,,,,,,,,,,,,,,,,,,,,,,,,,,,,HCOOH,-10.2,-8.8,0.3,-7.5,-5.6,6.6
0BP07022,155,4.426,,,,,,,,HCOOH,,,,,,,,,,,,,,,,,,,,,,,,,,,,,HCOOH,-14.0,-12.3,-1.1,-7.8,-6.5,2.7
0BP07023,156,4.394,,,,,,,,HCOOH,,,,,,,,,,,,,,,,,,,,,,,,,,,,,HCOOH,-14.4,-13.1,-2.9,-9.0,-7.3,3.9
0AP12011,157,3.342,,,,,,,,HCOOH,,,,,,,,,,,,,,,,,,,,,,,,,,,,,HCOOH,-33.4,-31.7,-16.4,-10.6,-9.2,1.0
