flp_id,species,path,size_bytes
1,FLP,data/FLP/1/1.xyz,2448
1,CH3OH,data/FLP/1/1CH3OH.xyz,2815
1,CO2,data/FLP/1/1CO2.xyz,4628
1,H2,data/FLP/1/1H2.xyz,2515
1,H2CO,data/FLP/1/1H2CO.xyz,4688
1,H2O,data/FLP/1/1H2O.xyz,4628
1,HCOOH,data/FLP/1/1HCOOH.xyz,4744
10,FLP,data/FLP/10/10.xyz,1444
10,CH3OH,data/FLP/10/10CH3OH.xyz,1665
10,CO2,data/FLP/10/10CO2.xyz,1599
10,H2,data/FLP/10/10H2.xyz,1513
10,H2CO,data/FLP/10/10H2CO.xyz,1588
10,H2O,data/FLP/10/10H2O.xyz,1604
10,HCOOH,data/FLP/10/10HCOOH.xyz,2584
103,FLP,data/FLP/103/103.xyz,2041
103,CH3OH,data/FLP/103/103CH3OH.xyz,2256
103,CO2,data/FLP/103/103CO2.xyz,2161
103,H2,data/FLP/103/103H2.xyz,2112
103,H2CO,data/FLP/103/103H2CO.xyz,2260
103,H2O,data/FLP/103/103H2O.xyz,2163
103,HCOOH,data/FLP/103/103HCOOH.xyz,3501
104,FLP,data/FLP/104/104.xyz,1832
104,CH3OH,data/FLP/104/104CH3OH.xyz,2046
104,CO2,data/FLP/104/104CO2.xyz,1952
104,H2,data/FLP/104/104H2.xyz,1957
104,H2CO,data/FLP/104/104H2CO.xyz,2043
104,H2O,data/FLP/104/104H2O.xyz,1953
104,HCOOH,data/FLP/104/104HCOOH.xyz,3172
105,FLP,data/FLP/105/105.xyz,2822
105,CH3OH,data/FLP/105/105CH3OH.xyz,3043
105,CO2,data/FLP/105/105CO2.xyz,2944
105,H2,data/FLP/105/105H2.xyz,2815
105,H2CO,data/FLP/105/105H2CO.xyz,4541
105,H2O,data/FLP/105/105H2O.xyz,2945
105,HCOOH,data/FLP/105/105HCOOH.xyz,4604
106,FLP,data/FLP/106/106.xyz,2607
106,CH3OH,data/FLP/106/106CH3OH.xyz,2750
106,CO2,data/FLP/106/106CO2.xyz,2654
106,H2,data/FLP/106/106H2.xyz,2680
106,H2CO,data/FLP/106/106H2CO.xyz,4209
106,H2O,data/FLP/106/106H2O.xyz,2730
106,HCOOH,data/FLP/106/106HCOOH.xyz,4276
107,FLP,data/FLP/107/107.xyz,2041
107,CH3OH,data/FLP/107/107CH3OH.xyz,2325
107,CO2,data/FLP/107/107CO2.xyz,2165
107,H2,data/FLP/107/107H2.xyz,2112
107,H2CO,data/FLP/107/107H2CO.xyz,2199
107,H2O,data/FLP/107/107H2O.xyz,2225
107,HCOOH,data/FLP/107/107HCOOH.xyz,3512
108,FLP,data/FLP/108/108.xyz,2817
108,CH3OH,data/FLP/108/108CH3OH.xyz,3032
108,CO2,data/FLP/108/108CO2.xyz,3018
108,H2,data/FLP/108/108H2.xyz,2968
108,H2CO,data/FLP/108/108H2CO.xyz,2969
108,H2O,data/FLP/108/108H2O.xyz,2936
108,HCOOH,data/FLP/108/108HCOOH.xyz,4723
109,FLP,data/FLP/109/109.xyz,3042
109,CH3OH,data/FLP/109/109CH3OH.xyz,4974
109,CO2,data/FLP/109/109CO2.xyz,3076
109,H2,data/FLP/109/109H2.xyz,3027
109,H2CO,data/FLP/109/109H2CO.xyz,4873
109,H2O,data/FLP/109/109H2O.xyz,3164
109,HCOOH,data/FLP/109/109HCOOH.xyz,4944
11,FLP,data/FLP/11/11.xyz,1485
11,CH3OH,data/FLP/11/11CH3OH.xyz,1713
11,CO2,data/FLP/11/11CO2.xyz,1599
11,H2,data/FLP/11/11H2.xyz,1557
11,H2CO,data/FLP/11/11H2CO.xyz,1633
11,H2O,data/FLP/11/11H2O.xyz,1605
11,HCOOH,data/FLP/11/11HCOOH.xyz,2552
111,FLP,data/FLP/111/111.xyz,2882
111,CH3OH,data/FLP/111/111CH3OH.xyz,4863
111,CO2,data/FLP/111/111CO2.xyz,3007
111,H2,data/FLP/111/111H2.xyz,2958
111,H2CO,data/FLP/111/111H2CO.xyz,4766
111,H2O,data/FLP/111/111H2O.xyz,3005
111,HCOOH,data/FLP/111/111HCOOH.xyz,4835
112,FLP,data/FLP/112/112.xyz,2883
112,CH3OH,data/FLP/112/112CH3OH.xyz,4856
112,CO2,data/FLP/112/112CO2.xyz,3008
112,H2,data/FLP/112/112H2.xyz,2954
112,H2CO,data/FLP/112/112H2CO.xyz,3040
112,H2O,data/FLP/112/112H2O.xyz,3008
112,HCOOH,data/FLP/112/112HCOOH.xyz,4835
113,FLP,data/FLP/113/113.xyz,3023
113,CH3OH,data/FLP/113/113CH3OH.xyz,5080
113,CO2,data/FLP/113/113CO2.xyz,3235
113,H2,data/FLP/113/113H2.xyz,3095
113,H2CO,data/FLP/113/113H2CO.xyz,3268
113,H2O,data/FLP/113/113H2O.xyz,3147
113,HCOOH,data/FLP/113/113HCOOH.xyz,5057
114,FLP,data/FLP/114/114.xyz,1833
114,CH3OH,data/FLP/114/114CH3OH.xyz,2052
114,CO2,data/FLP/114/114CO2.xyz,1956
114,H2,data/FLP/114/114H2.xyz,1906
114,H2CO,data/FLP/114/114H2CO.xyz,1989
114,H2O,data/FLP/114/114H2O.xyz,1958
114,HCOOH,data/FLP/114/114HCOOH.xyz,3172
115,FLP,data/FLP/115/115.xyz,784
115,CH3OH,data/FLP/115/115CH3OH.xyz,1003
115,CO2,data/FLP/115/115CO2.xyz,907
115,H2,data/FLP/115/115H2.xyz,856
115,H2CO,data/FLP/115/115H2CO.xyz,965
115,H2O,data/FLP/115/115H2O.xyz,908
115,HCOOH,data/FLP/115/115HCOOH.xyz,1523
12,FLP,data/FLP/12/12.xyz,1486
12,CH3OH,data/FLP/12/12CH3OH.xyz,2632
12,CO2,data/FLP/12/12CO2.xyz,1600
12,H2,data/FLP/12/12H2.xyz,1558
12,H2CO,data/FLP/12/12H2CO.xyz,1633
12,H2O,data/FLP/12/12H2O.xyz,1605
12,HCOOH,data/FLP/12/12HCOOH.xyz,2553
120,FLP,data/FLP/120/120.xyz,2115
120,CH3OH,data/FLP/120/120CH3OH.xyz,2334
120,CO2,data/FLP/120/120CO2.xyz,2238
120,H2,data/FLP/120/120H2.xyz,2187
120,H2CO,data/FLP/120/120H2CO.xyz,2270
120,H2O,data/FLP/120/120H2O.xyz,2239
120,HCOOH,data/FLP/120/120HCOOH.xyz,3618
122,FLP,data/FLP/122/122.xyz,1556
122,CH3OH,data/FLP/122/122CH3OH.xyz,1775
122,CO2,data/FLP/122/122CO2.xyz,1678
122,H2,data/FLP/122/122H2.xyz,1628
122,H2CO,data/FLP/122/122H2CO.xyz,1710
122,H2O,data/FLP/122/122H2O.xyz,1679
122,HCOOH,data/FLP/122/122HCOOH.xyz,2739
123,FLP,data/FLP/123/123.xyz,1903
123,CH3OH,data/FLP/123/123CH3OH.xyz,2125
123,CO2,data/FLP/123/123CO2.xyz,2029
123,H2,data/FLP/123/123H2.xyz,1979
123,H2CO,data/FLP/123/123H2CO.xyz,2061
123,H2O,data/FLP/123/123H2O.xyz,2029
123,HCOOH,data/FLP/123/123HCOOH.xyz,3290
124,FLP,data/FLP/124/124.xyz,1799
124,CH3OH,data/FLP/124/124CH3OH.xyz,3152
124,CO2,data/FLP/124/124CO2.xyz,1925
124,H2,data/FLP/124/124H2.xyz,1875
124,H2CO,data/FLP/124/124H2CO.xyz,1957
124,H2O,data/FLP/124/124H2O.xyz,1924
124,HCOOH,data/FLP/124/124HCOOH.xyz,3126
125,FLP,data/FLP/125/125.xyz,1488
125,CH3OH,data/FLP/125/125CH3OH.xyz,1706
125,CO2,data/FLP/125/125CO2.xyz,1656
125,H2,data/FLP/125/125H2.xyz,1561
125,H2CO,data/FLP/125/125H2CO.xyz,1642
125,H2O,data/FLP/125/125H2O.xyz,1610
125,HCOOH,data/FLP/125/125HCOOH.xyz,2632
126,FLP,data/FLP/126/126.xyz,1558
126,CH3OH,data/FLP/126/126CH3OH.xyz,1777
126,CO2,data/FLP/126/126CO2.xyz,1681
126,H2,data/FLP/126/126H2.xyz,1632
126,H2CO,data/FLP/126/126H2CO.xyz,1712
126,H2O,data/FLP/126/126H2O.xyz,1681
126,HCOOH,data/FLP/126/126HCOOH.xyz,2744
127,FLP,data/FLP/127/127.xyz,1839
127,CH3OH,data/FLP/127/127CH3OH.xyz,3208
127,CO2,data/FLP/127/127CO2.xyz,1961
127,H2,data/FLP/127/127H2.xyz,1913
127,H2CO,data/FLP/127/127H2CO.xyz,1993
127,H2O,data/FLP/127/127H2O.xyz,1962
127,HCOOH,data/FLP/127/127HCOOH.xyz,3183
129,FLP,data/FLP/129/129.xyz,2180
129,CH3OH,data/FLP/129/129CH3OH.xyz,3652
129,CO2,data/FLP/129/129CO2.xyz,3485
129,H2,data/FLP/129/129H2.xyz,2194
129,H2CO,data/FLP/129/129H2CO.xyz,2274
129,H2O,data/FLP/129/129H2O.xyz,2306
129,HCOOH,data/FLP/129/129HCOOH.xyz,3624
13,FLP,data/FLP/13/13.xyz,1795
13,CH3OH,data/FLP/13/13CH3OH.xyz,2074
13,CO2,data/FLP/13/13CO2.xyz,1961
13,H2,data/FLP/13/13H2.xyz,1917
13,H2CO,data/FLP/13/13H2CO.xyz,1994
13,H2O,data/FLP/13/13H2O.xyz,1966
13,HCOOH,data/FLP/13/13HCOOH.xyz,3101
130,FLP,data/FLP/130/130.xyz,2122
130,CH3OH,data/FLP/130/130CH3OH.xyz,2338
130,CO2,data/FLP/130/130CO2.xyz,2243
130,H2,data/FLP/130/130H2.xyz,2195
130,H2CO,data/FLP/130/130H2CO.xyz,2275
130,H2O,data/FLP/130/130H2O.xyz,2307
130,HCOOH,data/FLP/130/130HCOOH.xyz,3626
131,FLP,data/FLP/131/131.xyz,2710
131,CH3OH,data/FLP/131/131CH3OH.xyz,2935
131,CO2,data/FLP/131/131CO2.xyz,2839
131,H2,data/FLP/131/131H2.xyz,2791
131,H2CO,data/FLP/131/131H2CO.xyz,2872
131,H2O,data/FLP/131/131H2O.xyz,2920
131,HCOOH,data/FLP/131/131HCOOH.xyz,4563
132,FLP,data/FLP/132/132.xyz,2221
132,CH3OH,data/FLP/132/132CH3OH.xyz,2446
132,CO2,data/FLP/132/132CO2.xyz,2416
132,H2,data/FLP/132/132H2.xyz,2302
132,H2CO,data/FLP/132/132H2CO.xyz,2381
132,H2O,data/FLP/132/132H2O.xyz,2417
132,HCOOH,data/FLP/132/132HCOOH.xyz,3795
133,FLP,data/FLP/133/133.xyz,2082
133,CH3OH,data/FLP/133/133CH3OH.xyz,2307
133,CO2,data/FLP/133/133CO2.xyz,2211
133,H2,data/FLP/133/133H2.xyz,2163
133,H2CO,data/FLP/133/133H2CO.xyz,2243
133,H2O,data/FLP/133/133H2O.xyz,2274
133,HCOOH,data/FLP/133/133HCOOH.xyz,3577
134,FLP,data/FLP/134/134.xyz,1391
134,CH3OH,data/FLP/134/134CH3OH.xyz,1608
134,CO2,data/FLP/134/134CO2.xyz,1511
134,H2,data/FLP/134/134H2.xyz,1464
134,H2CO,data/FLP/134/134H2CO.xyz,1544
134,H2O,data/FLP/134/134H2O.xyz,1513
134,HCOOH,data/FLP/134/134HCOOH.xyz,2478
135,FLP,data/FLP/135/135.xyz,1287
135,CH3OH,data/FLP/135/135CH3OH.xyz,2331
135,CO2,data/FLP/135/135CO2.xyz,1406
135,H2,data/FLP/135/135H2.xyz,1359
135,H2CO,data/FLP/135/135H2CO.xyz,1440
135,H2O,data/FLP/135/135H2O.xyz,1409
135,HCOOH,data/FLP/135/135HCOOH.xyz,2314
136,FLP,data/FLP/136/136.xyz,1673
136,CH3OH,data/FLP/136/136CH3OH.xyz,2949
136,CO2,data/FLP/136/136CO2.xyz,1791
136,H2,data/FLP/136/136H2.xyz,1745
136,H2CO,data/FLP/136/136H2CO.xyz,1826
136,H2O,data/FLP/136/136H2O.xyz,1845
136,HCOOH,data/FLP/136/136HCOOH.xyz,2921
137,FLP,data/FLP/137/137.xyz,1919
137,CH3OH,data/FLP/137/137CH3OH.xyz,3335
137,CO2,data/FLP/137/137CO2.xyz,2036
137,H2,data/FLP/137/137H2.xyz,1991
137,H2CO,data/FLP/137/137H2CO.xyz,2072
137,H2O,data/FLP/137/137H2O.xyz,2085
137,HCOOH,data/FLP/137/137HCOOH.xyz,3308
138,FLP,data/FLP/138/138.xyz,1709
138,CH3OH,data/FLP/138/138CH3OH.xyz,3007
138,CO2,data/FLP/138/138CO2.xyz,1826
138,H2,data/FLP/138/138H2.xyz,1782
138,H2CO,data/FLP/138/138H2CO.xyz,1863
138,H2O,data/FLP/138/138H2O.xyz,1870
138,HCOOH,data/FLP/138/138HCOOH.xyz,2979
139,FLP,data/FLP/139/139.xyz,2025
139,CH3OH,data/FLP/139/139CH3OH.xyz,3504
139,CO2,data/FLP/139/139CO2.xyz,2142
139,H2,data/FLP/139/139H2.xyz,2098
139,H2CO,data/FLP/139/139H2CO.xyz,2179
139,H2O,data/FLP/139/139H2O.xyz,2195
139,HCOOH,data/FLP/139/139HCOOH.xyz,3475
14,FLP,data/FLP/14/14.xyz,1063
14,CH3OH,data/FLP/14/14CH3OH.xyz,2114
14,CO2,data/FLP/14/14CO2.xyz,2104
14,H2,data/FLP/14/14H2.xyz,1200
14,H2CO,data/FLP/14/14H2CO.xyz,2004
14,H2O,data/FLP/14/14H2O.xyz,2108
14,HCOOH,data/FLP/14/14HCOOH.xyz,2078
140,FLP,data/FLP/140/140.xyz,3041
140,CH3OH,data/FLP/140/140CH3OH.xyz,5100
140,CO2,data/FLP/140/140CO2.xyz,3158
140,H2,data/FLP/140/140H2.xyz,3114
140,H2CO,data/FLP/140/140H2CO.xyz,3195
140,H2O,data/FLP/140/140H2O.xyz,3238
140,HCOOH,data/FLP/140/140HCOOH.xyz,5071
141,FLP,data/FLP/141/141.xyz,2307
141,CH3OH,data/FLP/141/141CH3OH.xyz,3946
141,CO2,data/FLP/141/141CO2.xyz,2492
141,H2,data/FLP/141/141H2.xyz,2381
141,H2CO,data/FLP/141/141H2CO.xyz,2461
141,H2O,data/FLP/141/141H2O.xyz,2483
141,HCOOH,data/FLP/141/141HCOOH.xyz,3917
148,FLP,data/FLP/148/148.xyz,3112
148,CH3OH,data/FLP/148/148CH3OH.xyz,5198
148,CO2,data/FLP/148/148CO2.xyz,5030
148,H2,data/FLP/148/148H2.xyz,3187
148,H2CO,data/FLP/148/148H2CO.xyz,3250
148,H2O,data/FLP/148/148H2O.xyz,3219
148,HCOOH,data/FLP/148/148HCOOH.xyz,5164
149,FLP,data/FLP/149/149.xyz,3320
149,CH3OH,data/FLP/149/149CH3OH.xyz,5364
149,CO2,data/FLP/149/149CO2.xyz,3338
149,H2,data/FLP/149/149H2.xyz,3293
149,H2CO,data/FLP/149/149H2CO.xyz,3354
149,H2O,data/FLP/149/149H2O.xyz,3325
149,HCOOH,data/FLP/149/149HCOOH.xyz,5331
15,FLP,data/FLP/15/15.xyz,778
15,CH3OH,data/FLP/15/15CH3OH.xyz,1575
15,CO2,data/FLP/15/15CO2.xyz,1504
15,H2,data/FLP/15/15H2.xyz,826
15,H2CO,data/FLP/15/15H2CO.xyz,1455
15,H2O,data/FLP/15/15H2O.xyz,1508
15,HCOOH,data/FLP/15/15HCOOH.xyz,1518
150,FLP,data/FLP/150/150.xyz,2223
150,CH3OH,data/FLP/150/150CH3OH.xyz,2449
150,CO2,data/FLP/150/150CO2.xyz,2354
150,H2,data/FLP/150/150H2.xyz,2313
150,H2CO,data/FLP/150/150H2CO.xyz,2392
150,H2O,data/FLP/150/150H2O.xyz,2347
150,HCOOH,data/FLP/150/150HCOOH.xyz,3809
151,FLP,data/FLP/151/151.xyz,2434
151,CH3OH,data/FLP/151/151CH3OH.xyz,2660
151,CO2,data/FLP/151/151CO2.xyz,2565
151,H2,data/FLP/151/151H2.xyz,2524
151,H2CO,data/FLP/151/151H2CO.xyz,2603
151,H2O,data/FLP/151/151H2O.xyz,2628
151,HCOOH,data/FLP/151/151HCOOH.xyz,4141
152,FLP,data/FLP/152/152.xyz,1945
152,CH3OH,data/FLP/152/152CH3OH.xyz,2171
152,CO2,data/FLP/152/152CO2.xyz,2076
152,H2,data/FLP/152/152H2.xyz,2014
152,H2CO,data/FLP/152/152H2CO.xyz,2114
152,H2O,data/FLP/152/152H2O.xyz,2066
152,HCOOH,data/FLP/152/152HCOOH.xyz,3372
153,FLP,data/FLP/153/153.xyz,1943
153,CH3OH,data/FLP/153/153CH3OH.xyz,2172
153,CO2,data/FLP/153/153CO2.xyz,3216
153,H2,data/FLP/153/153H2.xyz,2071
153,H2CO,data/FLP/153/153H2CO.xyz,2098
153,H2O,data/FLP/153/153H2O.xyz,2068
153,HCOOH,data/FLP/153/153HCOOH.xyz,3371
154,FLP,data/FLP/154/154.xyz,2821
154,CH3OH,data/FLP/154/154CH3OH.xyz,3048
154,CO2,data/FLP/154/154CO2.xyz,3032
154,H2,data/FLP/154/154H2.xyz,2972
154,H2CO,data/FLP/154/154H2CO.xyz,4655
154,H2O,data/FLP/154/154H2O.xyz,3026
154,HCOOH,data/FLP/154/154HCOOH.xyz,4747
155,FLP,data/FLP/155/155.xyz,2924
155,CH3OH,data/FLP/155/155CH3OH.xyz,4937
155,CO2,data/FLP/155/155CO2.xyz,3055
155,H2,data/FLP/155/155H2.xyz,2996
155,H2CO,data/FLP/155/155H2CO.xyz,3079
155,H2O,data/FLP/155/155H2O.xyz,3050
155,HCOOH,data/FLP/155/155HCOOH.xyz,4913
156,FLP,data/FLP/156/156.xyz,3242
156,CH3OH,data/FLP/156/156CH3OH.xyz,3567
156,CO2,data/FLP/156/156CO2.xyz,3372
156,H2,data/FLP/156/156H2.xyz,3312
156,H2CO,data/FLP/156/156H2CO.xyz,3395
156,H2O,data/FLP/156/156H2O.xyz,3364
156,HCOOH,data/FLP/156/156HCOOH.xyz,5390
157,FLP,data/FLP/157/157.xyz,1822
157,CH3OH,data/FLP/157/157CH3OH.xyz,1944
157,CO2,data/FLP/157/157CO2.xyz,2968
157,H2,data/FLP/157/157H2.xyz,1894
157,H2CO,data/FLP/157/157H2CO.xyz,1994
157,H2O,data/FLP/157/157H2O.xyz,1947
157,HCOOH,data/FLP/157/157HCOOH.xyz,3099
16,FLP,data/FLP/16/16.xyz,2844
16,CH3OH,data/FLP/16/16CH3OH.xyz,3059
16,CO2,data/FLP/16/16CO2.xyz,5044
16,H2,data/FLP/16/16H2.xyz,4984
16,H2CO,data/FLP/16/16H2CO.xyz,4690
16,H2O,data/FLP/16/16H2O.xyz,5048
16,HCOOH,data/FLP/16/16HCOOH.xyz,4822
17,FLP,data/FLP/17/17.xyz,2809
17,CH3OH,data/FLP/17/17CH3OH.xyz,3023
17,CO2,data/FLP/17/17CO2.xyz,4984
17,H2,data/FLP/17/17H2.xyz,4924
17,H2CO,data/FLP/17/17H2CO.xyz,4637
17,H2O,data/FLP/17/17H2O.xyz,4988
17,HCOOH,data/FLP/17/17HCOOH.xyz,4751
18,FLP,data/FLP/18/18.xyz,2628
18,CH3OH,data/FLP/18/18CH3OH.xyz,2916
18,CO2,data/FLP/18/18CO2.xyz,4804
18,H2,data/FLP/18/18H2.xyz,4744
18,H2CO,data/FLP/18/18H2CO.xyz,4472
18,H2O,data/FLP/18/18H2O.xyz,4808
18,HCOOH,data/FLP/18/18HCOOH.xyz,4598
19,FLP,data/FLP/19/19.xyz,1879
19,CH3OH,data/FLP/19/19CH3OH.xyz,3391
19,CO2,data/FLP/19/19CO2.xyz,3484
19,H2,data/FLP/19/19H2.xyz,3424
19,H2CO,data/FLP/19/19H2CO.xyz,3323
19,H2O,data/FLP/19/19H2O.xyz,3488
19,HCOOH,data/FLP/19/19HCOOH.xyz,3366
2,FLP,data/FLP/2/2.xyz,2387
2,CH3OH,data/FLP/2/2CH3OH.xyz,4217
2,CO2,data/FLP/2/2CO2.xyz,4384
2,H2,data/FLP/2/2H2.xyz,2528
2,H2CO,data/FLP/2/2H2CO.xyz,4162
2,H2O,data/FLP/2/2H2O.xyz,4388
2,HCOOH,data/FLP/2/2HCOOH.xyz,4206
20,FLP,data/FLP/20/20.xyz,2601
20,CH3OH,data/FLP/20/20CH3OH.xyz,4438
20,CO2,data/FLP/20/20CO2.xyz,4624
20,H2,data/FLP/20/20H2.xyz,4564
20,H2CO,data/FLP/20/20H2CO.xyz,4317
20,H2O,data/FLP/20/20H2O.xyz,4628
20,HCOOH,data/FLP/20/20HCOOH.xyz,4430
21,FLP,data/FLP/21/21.xyz,3001
21,CH3OH,data/FLP/21/21CH3OH.xyz,3140
21,CO2,data/FLP/21/21CO2.xyz,3110
21,H2,data/FLP/21/21H2.xyz,3072
21,H2CO,data/FLP/21/21H2CO.xyz,3145
21,H2O,data/FLP/21/21H2O.xyz,3109
21,HCOOH,data/FLP/21/21HCOOH.xyz,3183
22,FLP,data/FLP/22/22.xyz,2594
22,CH3OH,data/FLP/22/22CH3OH.xyz,2896
22,CO2,data/FLP/22/22CO2.xyz,2780
22,H2,data/FLP/22/22H2.xyz,2744
22,H2CO,data/FLP/22/22H2CO.xyz,2814
22,H2O,data/FLP/22/22H2O.xyz,2780
22,HCOOH,data/FLP/22/22HCOOH.xyz,2934
23,FLP,data/FLP/23/23.xyz,2664
23,CH3OH,data/FLP/23/23CH3OH.xyz,2973
23,CO2,data/FLP/23/23CO2.xyz,2851
23,H2,data/FLP/23/23H2.xyz,2816
23,H2CO,data/FLP/23/23H2CO.xyz,2890
23,H2O,data/FLP/23/23H2O.xyz,2852
23,HCOOH,data/FLP/23/23HCOOH.xyz,2922
24,FLP,data/FLP/24/24.xyz,1646
24,CH3OH,data/FLP/24/24CH3OH.xyz,1916
24,CO2,data/FLP/24/24CO2.xyz,1802
24,H2,data/FLP/24/24H2.xyz,1767
24,H2CO,data/FLP/24/24H2CO.xyz,1838
24,H2O,data/FLP/24/24H2O.xyz,1803
24,HCOOH,data/FLP/24/24HCOOH.xyz,2935
25,FLP,data/FLP/25/25.xyz,2672
25,CH3OH,data/FLP/25/25CH3OH.xyz,2898
25,CO2,data/FLP/25/25CO2.xyz,2784
25,H2,data/FLP/25/25H2.xyz,2748
25,H2CO,data/FLP/25/25H2CO.xyz,2819
25,H2O,data/FLP/25/25H2O.xyz,2784
25,HCOOH,data/FLP/25/25HCOOH.xyz,4473
26,FLP,data/FLP/26/26.xyz,2567
26,CH3OH,data/FLP/26/26CH3OH.xyz,2792
26,CO2,data/FLP/26/26CO2.xyz,2677
26,H2,data/FLP/26/26H2.xyz,2569
26,H2CO,data/FLP/26/26H2CO.xyz,2714
26,H2O,data/FLP/26/26H2O.xyz,2680
26,HCOOH,data/FLP/26/26HCOOH.xyz,2750
27,FLP,data/FLP/27/27.xyz,2494
27,CH3OH,data/FLP/27/27CH3OH.xyz,2714
27,CO2,data/FLP/27/27CO2.xyz,2680
27,H2,data/FLP/27/27H2.xyz,2645
27,H2CO,data/FLP/27/27H2CO.xyz,2715
27,H2O,data/FLP/27/27H2O.xyz,2681
27,HCOOH,data/FLP/27/27HCOOH.xyz,2751
28,FLP,data/FLP/28/28.xyz,2811
28,CH3OH,data/FLP/28/28CH3OH.xyz,3125
28,CO2,data/FLP/28/28CO2.xyz,2927
28,H2,data/FLP/28/28H2.xyz,2892
28,H2CO,data/FLP/28/28H2CO.xyz,2961
28,H2O,data/FLP/28/28H2O.xyz,2929
28,HCOOH,data/FLP/28/28HCOOH.xyz,2991
29,FLP,data/FLP/29/29.xyz,2879
29,CH3OH,data/FLP/29/29CH3OH.xyz,3203
29,CO2,data/FLP/29/29CO2.xyz,3081
29,H2,data/FLP/29/29H2.xyz,3048
29,H2CO,data/FLP/29/29H2CO.xyz,3118
29,H2O,data/FLP/29/29H2O.xyz,3086
29,HCOOH,data/FLP/29/29HCOOH.xyz,3151
3,FLP,data/FLP/3/3.xyz,2182
3,CH3OH,data/FLP/3/3CH3OH.xyz,2466
3,CO2,data/FLP/3/3CO2.xyz,4024
3,H2,data/FLP/3/3H2.xyz,2250
3,H2CO,data/FLP/3/3H2CO.xyz,4088
3,H2O,data/FLP/3/3H2O.xyz,4028
3,HCOOH,data/FLP/3/3HCOOH.xyz,3870
3,vdw2,data/FLP/3/3vdw2.xyz,2250
30,FLP,data/FLP/30/30.xyz,2669
30,CH3OH,data/FLP/30/30CH3OH.xyz,2900
30,CO2,data/FLP/30/30CO2.xyz,4361
30,H2,data/FLP/30/30H2.xyz,2756
30,H2CO,data/FLP/30/30H2CO.xyz,2821
30,H2O,data/FLP/30/30H2O.xyz,2792
30,HCOOH,data/FLP/30/30HCOOH.xyz,2858
31,FLP,data/FLP/31/31.xyz,2673
31,CH3OH,data/FLP/31/31CH3OH.xyz,2902
31,CO2,data/FLP/31/31CO2.xyz,2790
31,H2,data/FLP/31/31H2.xyz,2758
31,H2CO,data/FLP/31/31H2CO.xyz,4425
31,H2O,data/FLP/31/31H2O.xyz,4352
31,HCOOH,data/FLP/31/31HCOOH.xyz,2859
32,FLP,data/FLP/32/32.xyz,2774
32,CH3OH,data/FLP/32/32CH3OH.xyz,3010
32,CO2,data/FLP/32/32CO2.xyz,2897
32,H2,data/FLP/32/32H2.xyz,2854
32,H2CO,data/FLP/32/32H2CO.xyz,2927
32,H2O,data/FLP/32/32H2O.xyz,2890
32,HCOOH,data/FLP/32/32HCOOH.xyz,2960
33,FLP,data/FLP/33/33.xyz,2740
33,CH3OH,data/FLP/33/33CH3OH.xyz,2972
33,CO2,data/FLP/33/33CO2.xyz,2864
33,H2,data/FLP/33/33H2.xyz,2750
33,H2CO,data/FLP/33/33H2CO.xyz,2893
33,H2O,data/FLP/33/33H2O.xyz,2863
33,HCOOH,data/FLP/33/33HCOOH.xyz,2923
34,FLP,data/FLP/34/34.xyz,2389
34,CH3OH,data/FLP/34/34CH3OH.xyz,2621
34,CO2,data/FLP/34/34CO2.xyz,2515
34,H2,data/FLP/34/34H2.xyz,2482
34,H2CO,data/FLP/34/34H2CO.xyz,2542
34,H2O,data/FLP/34/34H2O.xyz,2518
34,HCOOH,data/FLP/34/34HCOOH.xyz,2577
35,FLP,data/FLP/35/35.xyz,2179
35,CH3OH,data/FLP/35/35CH3OH.xyz,3779
35,CO2,data/FLP/35/35CO2.xyz,2306
35,H2,data/FLP/35/35H2.xyz,2273
35,H2CO,data/FLP/35/35H2CO.xyz,2333
35,H2O,data/FLP/35/35H2O.xyz,2309
35,HCOOH,data/FLP/35/35HCOOH.xyz,2365
36,FLP,data/FLP/36/36.xyz,2122
36,CH3OH,data/FLP/36/36CH3OH.xyz,2412
36,CO2,data/FLP/36/36CO2.xyz,2377
36,H2,data/FLP/36/36H2.xyz,2344
36,H2CO,data/FLP/36/36H2CO.xyz,2404
36,H2O,data/FLP/36/36H2O.xyz,2380
36,HCOOH,data/FLP/36/36HCOOH.xyz,3819
37,FLP,data/FLP/37/37.xyz,2424
37,CH3OH,data/FLP/37/37CH3OH.xyz,2658
37,CO2,data/FLP/37/37CO2.xyz,2554
37,H2,data/FLP/37/37H2.xyz,2521
37,H2CO,data/FLP/37/37H2CO.xyz,2579
37,H2O,data/FLP/37/37H2O.xyz,2557
37,HCOOH,data/FLP/37/37HCOOH.xyz,4095
38,FLP,data/FLP/38/38.xyz,2601
38,CH3OH,data/FLP/38/38CH3OH.xyz,2834
38,CO2,data/FLP/38/38CO2.xyz,2731
38,H2,data/FLP/38/38H2.xyz,2697
38,H2CO,data/FLP/38/38H2CO.xyz,2755
38,H2O,data/FLP/38/38H2O.xyz,2733
38,HCOOH,data/FLP/38/38HCOOH.xyz,4372
39,FLP,data/FLP/39/39.xyz,2987
39,CH3OH,data/FLP/39/39CH3OH.xyz,3215
39,CO2,data/FLP/39/39CO2.xyz,3117
39,H2,data/FLP/39/39H2.xyz,3084
39,H2CO,data/FLP/39/39H2CO.xyz,3142
39,H2O,data/FLP/39/39H2O.xyz,3120
39,HCOOH,data/FLP/39/39HCOOH.xyz,4977
4,FLP,data/FLP/4/4.xyz,1862
4,CH3OH,data/FLP/4/4CH3OH.xyz,3554
4,CO2,data/FLP/4/4CO2.xyz,3664
4,H2,data/FLP/4/4H2.xyz,2047
4,H2CO,data/FLP/4/4H2CO.xyz,3438
4,H2O,data/FLP/4/4H2O.xyz,3668
4,HCOOH,data/FLP/4/4HCOOH.xyz,3534
4,vdw2,data/FLP/4/4vdw2.xyz,1987
40,FLP,data/FLP/40/40.xyz,2459
40,CH3OH,data/FLP/40/40CH3OH.xyz,2695
40,CO2,data/FLP/40/40CO2.xyz,2593
40,H2,data/FLP/40/40H2.xyz,2561
40,H2CO,data/FLP/40/40H2CO.xyz,2616
40,H2O,data/FLP/40/40H2O.xyz,2597
40,HCOOH,data/FLP/40/40HCOOH.xyz,4154
41,FLP,data/FLP/41/41.xyz,1376
41,CH3OH,data/FLP/41/41CH3OH.xyz,2509
41,CO2,data/FLP/41/41CO2.xyz,2524
41,H2,data/FLP/41/41H2.xyz,2464
41,H2CO,data/FLP/41/41H2CO.xyz,2394
41,H2O,data/FLP/41/41H2O.xyz,2358
41,HCOOH,data/FLP/41/41HCOOH.xyz,2450
42,FLP,data/FLP/42/42.xyz,2147
42,CH3OH,data/FLP/42/42CH3OH.xyz,4024
42,CO2,data/FLP/42/42CO2.xyz,3844
42,H2,data/FLP/42/42H2.xyz,3784
42,H2CO,data/FLP/42/42H2CO.xyz,3605
42,H2O,data/FLP/42/42H2O.xyz,3590
42,HCOOH,data/FLP/42/42HCOOH.xyz,3964
43,FLP,data/FLP/43/43.xyz,1627
43,CH3OH,data/FLP/43/43CH3OH.xyz,3124
43,CO2,data/FLP/43/43CO2.xyz,2944
43,H2,data/FLP/43/43H2.xyz,2884
43,H2CO,data/FLP/43/43H2CO.xyz,2781
43,H2O,data/FLP/43/43H2O.xyz,2750
43,HCOOH,data/FLP/43/43HCOOH.xyz,2837
44,FLP,data/FLP/44/44.xyz,1623
44,CH3OH,data/FLP/44/44CH3OH.xyz,2885
44,CO2,data/FLP/44/44CO2.xyz,2944
44,H2,data/FLP/44/44H2.xyz,2884
44,H2CO,data/FLP/44/44H2CO.xyz,2786
44,H2O,data/FLP/44/44H2O.xyz,2750
44,HCOOH,data/FLP/44/44HCOOH.xyz,2838
45,FLP,data/FLP/45/45.xyz,2497
45,CH3OH,data/FLP/45/45CH3OH.xyz,4744
5,FLP,data/FLP/5/5.xyz,1756
5,CH3OH,data/FLP/5/5CH3OH.xyz,1977
5,CO2,data/FLP/5/5CO2.xyz,3184
5,H2,data/FLP/5/5H2.xyz,1722
5,H2CO,data/FLP/5/5H2CO.xyz,2993
5,H2O,data/FLP/5/5H2O.xyz,3188
5,HCOOH,data/FLP/5/5HCOOH.xyz,3086
51,FLP,data/FLP/51/51.xyz,2427
51,CH3OH,data/FLP/51/51CH3OH.xyz,4504
51,CO2,data/FLP/51/51CO2.xyz,4038
51,H2,data/FLP/51/51H2.xyz,4266
51,H2CO,data/FLP/51/51H2CO.xyz,4052
51,H2O,data/FLP/51/51H2O.xyz,4324
51,HCOOH,data/FLP/51/51HCOOH.xyz,4101
52,FLP,data/FLP/52/52.xyz,1903
52,CH3OH,data/FLP/52/52CH3OH.xyz,3604
52,CO2,data/FLP/52/52CO2.xyz,3198
52,H2,data/FLP/52/52H2.xyz,2371
52,H2CO,data/FLP/52/52H2CO.xyz,3228
52,H2O,data/FLP/52/52H2O.xyz,3424
52,HCOOH,data/FLP/52/52HCOOH.xyz,3548
53,FLP,data/FLP/53/53.xyz,2115
53,CH3OH,data/FLP/53/53CH3OH.xyz,3964
53,CO2,data/FLP/53/53CO2.xyz,3784
53,H2,data/FLP/53/53H2.xyz,3724
53,H2CO,data/FLP/53/53H2CO.xyz,3561
53,H2O,data/FLP/53/53H2O.xyz,3784
53,HCOOH,data/FLP/53/53HCOOH.xyz,3908
54,FLP,data/FLP/54/54.xyz,2702
54,CH3OH,data/FLP/54/54CH3OH.xyz,5104
54,CO2,data/FLP/54/54CO2.xyz,3450
54,H2,data/FLP/54/54H2.xyz,4208
54,H2CO,data/FLP/54/54H2CO.xyz,4606
54,H2O,data/FLP/54/54H2O.xyz,4926
54,HCOOH,data/FLP/54/54HCOOH.xyz,4653
55,FLP,data/FLP/55/55.xyz,2258
55,CH3OH,data/FLP/55/55CH3OH.xyz,4204
55,CO2,data/FLP/55/55CO2.xyz,3758
55,H2,data/FLP/55/55H2.xyz,3964
55,H2CO,data/FLP/55/55H2CO.xyz,3782
55,H2O,data/FLP/55/55H2O.xyz,4024
55,HCOOH,data/FLP/55/55HCOOH.xyz,3819
56,FLP,data/FLP/56/56.xyz,2049
56,CH3OH,data/FLP/56/56CH3OH.xyz,3844
56,CO2,data/FLP/56/56CO2.xyz,3422
56,H2,data/FLP/56/56H2.xyz,3604
56,H2CO,data/FLP/56/56H2CO.xyz,3454
56,H2O,data/FLP/56/56H2O.xyz,3664
56,HCOOH,data/FLP/56/56HCOOH.xyz,3491
57,FLP,data/FLP/57/57.xyz,2050
57,CH3OH,data/FLP/57/57CH3OH.xyz,3844
57,CO2,data/FLP/57/57CO2.xyz,3664
57,H2,data/FLP/57/57H2.xyz,3604
57,H2CO,data/FLP/57/57H2CO.xyz,3429
57,H2O,data/FLP/57/57H2O.xyz,3668
57,HCOOH,data/FLP/57/57HCOOH.xyz,3788
58,FLP,data/FLP/58/58.xyz,1002
58,CH3OH,data/FLP/58/58CH3OH.xyz,2044
58,CO2,data/FLP/58/58CO2.xyz,1742
58,H2,data/FLP/58/58H2.xyz,1804
58,H2CO,data/FLP/58/58H2CO.xyz,1805
58,H2O,data/FLP/58/58H2O.xyz,1864
58,HCOOH,data/FLP/58/58HCOOH.xyz,1850
59,FLP,data/FLP/59/59.xyz,1808
59,CH3OH,data/FLP/59/59CH3OH.xyz,3424
59,CO2,data/FLP/59/59CO2.xyz,3030
59,H2,data/FLP/59/59H2.xyz,3184
59,H2CO,data/FLP/59/59H2CO.xyz,3071
59,H2O,data/FLP/59/59H2O.xyz,3244
59,HCOOH,data/FLP/59/59HCOOH.xyz,3117
6,FLP,data/FLP/6/6.xyz,2810
6,CH3OH,data/FLP/6/6CH3OH.xyz,3109
6,CO2,data/FLP/6/6CO2.xyz,4984
6,H2,data/FLP/6/6H2.xyz,4924
6,H2CO,data/FLP/6/6H2CO.xyz,4724
6,H2O,data/FLP/6/6H2O.xyz,4988
6,HCOOH,data/FLP/6/6HCOOH.xyz,4766
60,FLP,data/FLP/60/60.xyz,1494
60,CH3OH,data/FLP/60/60CH3OH.xyz,2884
60,CO2,data/FLP/60/60CO2.xyz,2494
60,H2,data/FLP/60/60H2.xyz,2644
60,H2CO,data/FLP/60/60H2CO.xyz,2578
60,H2O,data/FLP/60/60H2O.xyz,2704
60,HCOOH,data/FLP/60/60HCOOH.xyz,2623
61,FLP,data/FLP/61/61.xyz,1775
61,CH3OH,data/FLP/61/61CH3OH.xyz,3368
61,CO2,data/FLP/61/61CO2.xyz,3188
61,H2,data/FLP/61/61H2.xyz,3124
61,H2CO,data/FLP/61/61H2CO.xyz,3018
61,H2O,data/FLP/61/61H2O.xyz,3188
61,HCOOH,data/FLP/61/61HCOOH.xyz,3064
62,FLP,data/FLP/62/62.xyz,2168
62,CH3OH,data/FLP/62/62CH3OH.xyz,2528
62,CO2,data/FLP/62/62CO2.xyz,2348
62,H2,data/FLP/62/62H2.xyz,2288
62,H2CO,data/FLP/62/62H2CO.xyz,2243
62,H2O,data/FLP/62/62H2O.xyz,2348
62,HCOOH,data/FLP/62/62HCOOH.xyz,2291
63,FLP,data/FLP/63/63.xyz,3904
63,CH3OH,data/FLP/63/63CH3OH.xyz,4268
63,CO2,data/FLP/63/63CO2.xyz,4088
63,H2,data/FLP/63/63H2.xyz,4028
63,H2CO,data/FLP/63/63H2CO.xyz,3845
63,H2O,data/FLP/63/63H2O.xyz,4088
63,HCOOH,data/FLP/63/63HCOOH.xyz,3887
64,FLP,data/FLP/64/64.xyz,5046
64,CH3OH,data/FLP/64/64CH3OH.xyz,4990
64,CO2,data/FLP/64/64CO2.xyz,5228
64,H2,data/FLP/64/64H2.xyz,5164
64,H2CO,data/FLP/64/64H2CO.xyz,4855
64,H2O,data/FLP/64/64H2O.xyz,5228
64,HCOOH,data/FLP/64/64HCOOH.xyz,4921
65,FLP,data/FLP/65/65.xyz,4744
65,CH3OH,data/FLP/65/65CH3OH.xyz,4717
65,CO2,data/FLP/65/65CO2.xyz,4559
65,H2,data/FLP/65/65H2.xyz,4864
65,H2CO,data/FLP/65/65H2CO.xyz,4581
65,H2O,data/FLP/65/65H2O.xyz,4534
65,HCOOH,data/FLP/65/65HCOOH.xyz,4649
66,FLP,data/FLP/66/66.xyz,3639
66,CH3OH,data/FLP/66/66CH3OH.xyz,4568
66,CO2,data/FLP/66/66CO2.xyz,4388
66,H2,data/FLP/66/66H2.xyz,4324
66,H2CO,data/FLP/66/66H2CO.xyz,4087
66,H2O,data/FLP/66/66H2O.xyz,4388
66,HCOOH,data/FLP/66/66HCOOH.xyz,4153
67,FLP,data/FLP/67/67.xyz,5048
67,CH3OH,data/FLP/67/67CH3OH.xyz,4994
67,CO2,data/FLP/67/67CO2.xyz,5228
67,H2,data/FLP/67/67H2.xyz,5164
67,H2CO,data/FLP/67/67H2CO.xyz,4858
67,H2O,data/FLP/67/67H2O.xyz,5228
67,HCOOH,data/FLP/67/67HCOOH.xyz,4926
68,FLP,data/FLP/68/68.xyz,3124
68,CH3OH,data/FLP/68/68CH3OH.xyz,3488
68,CO2,data/FLP/68/68CO2.xyz,3308
68,H2,data/FLP/68/68H2.xyz,3244
68,H2CO,data/FLP/68/68H2CO.xyz,3101
68,H2O,data/FLP/68/68H2O.xyz,3308
68,HCOOH,data/FLP/68/68HCOOH.xyz,3157
69,FLP,data/FLP/69/69.xyz,1910
69,CH3OH,data/FLP/69/69CH3OH.xyz,2408
69,CO2,data/FLP/69/69CO2.xyz,2078
69,H2,data/FLP/69/69H2.xyz,2164
69,H2CO,data/FLP/69/69H2CO.xyz,2113
69,H2O,data/FLP/69/69H2O.xyz,2078
69,HCOOH,data/FLP/69/69HCOOH.xyz,2168
7,FLP,data/FLP/7/7.xyz,1910
7,CH3OH,data/FLP/7/7CH3OH.xyz,2189
7,CO2,data/FLP/7/7CO2.xyz,3544
7,H2,data/FLP/7/7H2.xyz,1980
7,H2CO,data/FLP/7/7H2CO.xyz,3349
7,H2O,data/FLP/7/7H2O.xyz,3548
7,HCOOH,data/FLP/7/7HCOOH.xyz,3422
70,FLP,data/FLP/70/70.xyz,2044
70,CH3OH,data/FLP/70/70CH3OH.xyz,2408
70,CO2,data/FLP/70/70CO2.xyz,2228
70,H2,data/FLP/70/70H2.xyz,2164
70,H2CO,data/FLP/70/70H2CO.xyz,2115
70,H2O,data/FLP/70/70H2O.xyz,2228
70,HCOOH,data/FLP/70/70HCOOH.xyz,2170
71,FLP,data/FLP/71/71.xyz,3184
71,CH3OH,data/FLP/71/71CH3OH.xyz,3548
71,CO2,data/FLP/71/71CO2.xyz,3368
71,H2,data/FLP/71/71H2.xyz,3052
71,H2CO,data/FLP/71/71H2CO.xyz,3179
71,H2O,data/FLP/71/71H2O.xyz,3368
71,HCOOH,data/FLP/71/71HCOOH.xyz,3229
72,FLP,data/FLP/72/72.xyz,3904
72,CH3OH,data/FLP/72/72CH3OH.xyz,3928
72,CO2,data/FLP/72/72CO2.xyz,4088
72,H2,data/FLP/72/72H2.xyz,4028
72,H2CO,data/FLP/72/72H2CO.xyz,3839
72,H2O,data/FLP/72/72H2O.xyz,4088
72,HCOOH,data/FLP/72/72HCOOH.xyz,3891
73,FLP,data/FLP/73/73.xyz,3246
73,CH3OH,data/FLP/73/73CH3OH.xyz,3608
73,CO2,data/FLP/73/73CO2.xyz,3428
73,H2,data/FLP/73/73H2.xyz,3368
73,H2CO,data/FLP/73/73H2CO.xyz,3217
73,H2O,data/FLP/73/73H2O.xyz,3428
73,HCOOH,data/FLP/73/73HCOOH.xyz,3272
74,FLP,data/FLP/74/74.xyz,3304
74,CH3OH,data/FLP/74/74CH3OH.xyz,3668
74,CO2,data/FLP/74/74CO2.xyz,3488
74,H2,data/FLP/74/74H2.xyz,3428
74,H2CO,data/FLP/74/74H2CO.xyz,3273
74,H2O,data/FLP/74/74H2O.xyz,3488
75,FLP,data/FLP/75/75.xyz,3664
75,CH3OH,data/FLP/75/75CH3OH.xyz,3724
75,CO2,data/FLP/75/75CO2.xyz,3848
75,H2,data/FLP/75/75H2.xyz,3788
75,H2CO,data/FLP/75/75H2CO.xyz,3605
75,H2O,data/FLP/75/75H2O.xyz,3848
75,HCOOH,data/FLP/75/75HCOOH.xyz,3658
76,FLP,data/FLP/76/76.xyz,3304
76,CH3OH,data/FLP/76/76CH3OH.xyz,3668
76,CO2,data/FLP/76/76CO2.xyz,3488
76,H2,data/FLP/76/76H2.xyz,3428
76,H2CO,data/FLP/76/76H2CO.xyz,3276
76,H2O,data/FLP/76/76H2O.xyz,3488
76,HCOOH,data/FLP/76/76HCOOH.xyz,3330
77,FLP,data/FLP/77/77.xyz,3124
77,CH3OH,data/FLP/77/77CH3OH.xyz,3488
77,CO2,data/FLP/77/77CO2.xyz,3308
77,H2,data/FLP/77/77H2.xyz,3244
77,H2CO,data/FLP/77/77H2CO.xyz,3112
77,H2O,data/FLP/77/77H2O.xyz,3308
77,HCOOH,data/FLP/77/77HCOOH.xyz,3167
78,FLP,data/FLP/78/78.xyz,4866
78,CH3OH,data/FLP/78/78CH3OH.xyz,4809
78,CO2,data/FLP/78/78CO2.xyz,4637
78,H2,data/FLP/78/78H2.xyz,4988
78,H2CO,data/FLP/78/78H2CO.xyz,4720
78,H2O,data/FLP/78/78H2O.xyz,5048
78,HCOOH,data/FLP/78/78HCOOH.xyz,4773
79,FLP,data/FLP/79/79.xyz,4986
79,CH3OH,data/FLP/79/79CH3OH.xyz,4921
79,CO2,data/FLP/79/79CO2.xyz,4822
79,H2,data/FLP/79/79H2.xyz,5108
79,H2CO,data/FLP/79/79H2CO.xyz,4832
79,H2O,data/FLP/79/79H2O.xyz,5168
79,HCOOH,data/FLP/79/79HCOOH.xyz,4883
8,FLP,data/FLP/8/8.xyz,1434
8,CH3OH,data/FLP/8/8CH3OH.xyz,2654
8,CO2,data/FLP/8/8CO2.xyz,2704
8,H2,data/FLP/8/8H2.xyz,1459
8,H2CO,data/FLP/8/8H2CO.xyz,2768
8,H2O,data/FLP/8/8H2O.xyz,2708
8,HCOOH,data/FLP/8/8HCOOH.xyz,2613
80,FLP,data/FLP/80/80.xyz,5526
80,CH3OH,data/FLP/80/80CH3OH.xyz,5417
80,CO2,data/FLP/80/80CO2.xyz,5243
80,H2,data/FLP/80/80H2.xyz,5648
80,H2CO,data/FLP/80/80H2CO.xyz,5328
80,H2O,data/FLP/80/80H2O.xyz,5253
80,HCOOH,data/FLP/80/80HCOOH.xyz,5380
81,FLP,data/FLP/81/81.xyz,4326
81,CH3OH,data/FLP/81/81CH3OH.xyz,4310
81,CO2,data/FLP/81/81CO2.xyz,4508
81,H2,data/FLP/81/81H2.xyz,4448
81,H2CO,data/FLP/81/81H2CO.xyz,4215
81,H2O,data/FLP/81/81H2O.xyz,4508
81,HCOOH,data/FLP/81/81HCOOH.xyz,4263
83,FLP,data/FLP/83/83.xyz,2613
83,CH3OH,data/FLP/83/83CH3OH.xyz,4415
83,CO2,data/FLP/83/83CO2.xyz,2713
83,H2,data/FLP/83/83H2.xyz,2677
83,H2CO,data/FLP/83/83H2CO.xyz,2833
83,H2O,data/FLP/83/83H2O.xyz,2718
83,HCOOH,data/FLP/83/83HCOOH.xyz,2790
84,FLP,data/FLP/84/84.xyz,3384
84,CH3OH,data/FLP/84/84CH3OH.xyz,5652
84,CO2,data/FLP/84/84CO2.xyz,3486
84,H2,data/FLP/84/84H2.xyz,3546
84,H2CO,data/FLP/84/84H2CO.xyz,3527
84,H2O,data/FLP/84/84H2O.xyz,3588
84,HCOOH,data/FLP/84/84HCOOH.xyz,5589
85,FLP,data/FLP/85/85.xyz,3408
85,CH3OH,data/FLP/85/85CH3OH.xyz,5544
85,CO2,data/FLP/85/85CO2.xyz,3414
85,H2,data/FLP/85/85H2.xyz,3378
85,H2CO,data/FLP/85/85H2CO.xyz,5441
85,H2O,data/FLP/85/85H2O.xyz,3420
85,HCOOH,data/FLP/85/85HCOOH.xyz,5480
86,FLP,data/FLP/86/86.xyz,3140
86,CH3OH,data/FLP/86/86CH3OH.xyz,3339
86,CO2,data/FLP/86/86CO2.xyz,3241
86,H2,data/FLP/86/86H2.xyz,3204
86,H2CO,data/FLP/86/86H2CO.xyz,3282
86,H2O,data/FLP/86/86H2O.xyz,3246
86,HCOOH,data/FLP/86/86HCOOH.xyz,3407
87,FLP,data/FLP/87/87.xyz,3157
87,CH3OH,data/FLP/87/87CH3OH.xyz,5131
87,CO2,data/FLP/87/87CO2.xyz,3258
87,H2,data/FLP/87/87H2.xyz,3135
87,H2CO,data/FLP/87/87H2CO.xyz,5033
87,H2O,data/FLP/87/87H2O.xyz,3267
87,HCOOH,data/FLP/87/87HCOOH.xyz,3246
88,FLP,data/FLP/88/88.xyz,2976
88,CH3OH,data/FLP/88/88CH3OH.xyz,3182
88,CO2,data/FLP/88/88CO2.xyz,3078
88,H2,data/FLP/88/88H2.xyz,3045
88,H2CO,data/FLP/88/88H2CO.xyz,3122
88,H2O,data/FLP/88/88H2O.xyz,3082
88,HCOOH,data/FLP/88/88HCOOH.xyz,3156
89,FLP,data/FLP/89/89.xyz,3192
89,CH3OH,data/FLP/89/89CH3OH.xyz,3399
89,CO2,data/FLP/89/89CO2.xyz,3294
89,H2,data/FLP/89/89H2.xyz,3261
89,H2CO,data/FLP/89/89H2CO.xyz,3339
89,H2O,data/FLP/89/89H2O.xyz,3299
89,HCOOH,data/FLP/89/89HCOOH.xyz,3375
9,FLP,data/FLP/9/9.xyz,2143
9,CH3OH,data/FLP/9/9CH3OH.xyz,2361
9,CO2,data/FLP/9/9CO2.xyz,2255
9,H2,data/FLP/9/9H2.xyz,2212
9,H2CO,data/FLP/9/9H2CO.xyz,2303
9,H2O,data/FLP/9/9H2O.xyz,2323
9,HCOOH,data/FLP/9/9HCOOH.xyz,3653
90,FLP,data/FLP/90/90.xyz,3445
90,CH3OH,data/FLP/90/90CH3OH.xyz,3650
90,CO2,data/FLP/90/90CO2.xyz,5488
90,H2,data/FLP/90/90H2.xyz,3515
90,H2CO,data/FLP/90/90H2CO.xyz,3487
90,H2O,data/FLP/90/90H2O.xyz,3552
90,HCOOH,data/FLP/90/90HCOOH.xyz,3629
91,FLP,data/FLP/91/91.xyz,3735
91,CH3OH,data/FLP/91/91CH3OH.xyz,6041
91,CO2,data/FLP/91/91CO2.xyz,3838
91,H2,data/FLP/91/91H2.xyz,3700
91,H2CO,data/FLP/91/91H2CO.xyz,3877
91,H2O,data/FLP/91/91H2O.xyz,3842
91,HCOOH,data/FLP/91/91HCOOH.xyz,3917
94,FLP,data/FLP/94/94.xyz,1917
94,CH3OH,data/FLP/94/94CH3OH.xyz,2112
94,CO2,data/FLP/94/94CO2.xyz,2074
94,H2,data/FLP/94/94H2.xyz,2040
94,H2CO,data/FLP/94/94H2CO.xyz,2111
94,H2O,data/FLP/94/94H2O.xyz,1963
94,HCOOH,data/FLP/94/94HCOOH.xyz,2094
95,FLP,data/FLP/95/95.xyz,2159
95,CH3OH,data/FLP/95/95CH3OH.xyz,2361
95,CO2,data/FLP/95/95CO2.xyz,2263
95,H2,data/FLP/95/95H2.xyz,2230
95,H2CO,data/FLP/95/95H2CO.xyz,2364
95,H2O,data/FLP/95/95H2O.xyz,2330
95,HCOOH,data/FLP/95/95HCOOH.xyz,2406
96,FLP,data/FLP/96/96.xyz,2126
96,CH3OH,data/FLP/96/96CH3OH.xyz,2393
96,CO2,data/FLP/96/96CO2.xyz,2229
96,H2,data/FLP/96/96H2.xyz,2258
96,H2CO,data/FLP/96/96H2CO.xyz,3546
96,H2O,data/FLP/96/96H2O.xyz,3528
96,HCOOH,data/FLP/96/96HCOOH.xyz,2240
97,FLP,data/FLP/97/97.xyz,1647
97,CH3OH,data/FLP/97/97CH3OH.xyz,2819
97,CO2,data/FLP/97/97CO2.xyz,1704
97,H2,data/FLP/97/97H2.xyz,1672
97,H2CO,data/FLP/97/97H2CO.xyz,1789
97,H2O,data/FLP/97/97H2O.xyz,1706
97,HCOOH,data/FLP/97/97HCOOH.xyz,2781
98,FLP,data/FLP/98/98.xyz,2023
98,CH3OH,data/FLP/98/98CH3OH.xyz,2282
98,CO2,data/FLP/98/98CO2.xyz,2125
98,H2,data/FLP/98/98H2.xyz,2093
98,H2CO,data/FLP/98/98H2CO.xyz,2161
98,H2O,data/FLP/98/98H2O.xyz,2127
98,HCOOH,data/FLP/98/98HCOOH.xyz,3442
99,FLP,data/FLP/99/99.xyz,1180
99,CH3OH,data/FLP/99/99CH3OH.xyz,1383
99,CO2,data/FLP/99/99CO2.xyz,1285
99,H2,data/FLP/99/99H2.xyz,1253
99,H2CO,data/FLP/99/99H2CO.xyz,2004
99,H2O,data/FLP/99/99H2O.xyz,1252
99,HCOOH,data/FLP/99/99HCOOH.xyz,2069
